** LATE CHARGE ,
41 FASTLANE              FORISTELL    MO ,
AAFES AVIANO SHOP 4 SE   APO          AE ,AAFES
7-ELEVEN 26941 00072WOODBRIDGE  420271230 7 703-878-7674 ,7-Eleven
AA CTR-CONCES 10133056   DALLAS       TX ,
ITUNES MUSIC STORE ITUNESAUSTIN       TX ,Apple
CVSPHARMACY #5194 Q03 FORT WALTON B FL ,CVS Pharmacy
CAPITAL DERMATOLOGY      ANNAPOLIS    MD ,PETSMART
PETSMART INC 633         GULFPORT     MS ,PETSMART
REDBOX *DVD RENTAL       OAKBRKTERRACEIL ,Redbox
CVS PHARMACY #7168 Q03   BOLINGBROOK  IL ,CVS Pharmacy
WAL-MART #1828           PLOVER       WI ,WALMART
ACADEMY SPORTS #46       SELMA        TX ,Academy Sports
SAMSCLUB #4761           NORMAN       OK ,SAMSCLUB
ITUNES MUSIC STORE ITUNESAUSTIN       TX ,Apple
ACAPULCO #10             LEBANON      OH ,
KOHL'S #0293             PITTSBURGH   PA ,KOHLS
PAYPAL *BESTY            402-935-7733 CA ,PAYPAL
ACT*REGISTRATION         877-228-4881 CA ,
KROGER #408              CANTON       GA ,Kroger
ACT*USC RECREATION       877-228-4881 CA ,
WAL-MART #1749           SOMERSWORTH  NH ,WALMART
ALBERTSONS #521          LAKE OSWEGO  OR ,Albertsons
AMAZON DIGITAL SVCS      866-216-1072 WA ,Amazon
AMAZON DIGITAL SVCS      866-216-1072 WA ,Amazon
AMAZON MKTPLACE PMTS     AMZN.COM/BILLWA ,Amazon
AMAZON MKTPLACE PMTS     AMZN.COM/BILLWA ,Amazon
USAA.COM PMT - THANK YOU SAN ANTONIO  TX ,USAA
USAA INS PREMIUM         SAN ANTONIO  TX ,USAA
AMAZON MKTPLACE PMTS     AMZN.COM/BILLWA ,Amazon
AMAZON MKTPLACE PMTS     AMZN.COM/BILLWA ,Amazon
MCDONALD'S M4270 OF      PORT ST LUCIEFL ,Mcdonalds
USAA FSB-OVERDRAFT       SAN ANTONIO  TX ,USAA
AMAZON MKTPLACE PMTS     AMZN.COM/BILLWA ,Amazon
AMAZON MKTPLACE PMTS     AMZN.COM/BILLWA ,Amazon
AMAZON MKTPLACE PMTS     AMZN.COM/BILLWA ,Amazon
AMAZON MKTPLACE PMTS     AMZN.COM/BILLWA ,Amazon
AMAZON MKTPLACE PMTS   AMZN.COM/BILLWA ,Amazon
AMAZON SERVICES-KINDLE   866-321-8851 WA ,Amazon
AMAZON SERVICES-KINDLE   866-321-8851 WA ,Amazon
USAA INS PREMIUM         SAN ANTONIO  TX ,USAA
AMAZON SERVICES-KINDLE   866-321-8851 WA ,Amazon
Amazon.com ,Amazon
AMAZON.COM               AMZN.COM/BILLWA ,Amazon
AMAZON.COM               AMZN.COM/BILLWA ,Amazon
AMAZON.COM               AMZN.COM/BILLWA ,Amazon
ANNAS LINENS 600         ROCK HILL    SC ,Annas Linens
ANTHONYS COAL FIRED PI   PEMBROKE PINEFL ,
ANTHROPOLOGIE #453       SPRING       TX ,
MCDONALD'S F1605         PLATTSBURGH  NY ,Mcdonalds
CVS PHARMACY #1212 Q03   BROOKLINE    MA ,CVS Pharmacy
APL*APPLE ONLINE STORE   800-676-2775 CA ,
APPLEBEE'S #32           COVINGTON    GA ,Applebees
AQUARIUM DENVER OCN JR   DENVER       CO ,
ARBYS 7524    00075242   CANTON       MI ,Arby's
ARM ASSOCIATES L P       281-5060831  TX ,
APL*APPLE ITUNES STORE   866-712-7753 CA ,APPLE
ARONS KISSENA FARM       FLUSHING     NY ,
USAA.COM PMT - THANK YOU SAN ANTONIO  TX ,USAA
ARTFUL HOME              877-3448453  WI ,
ASF*HEALTH CLUB DUES     800-525-8967 CO ,
ASHLEY FURN HOME STORE   SUMTER       SC ,Ashley Furniture Home Store
AT&T TLG GLF             08003310500  GA ,
ATL AIRPORT S PLZ EXPR   ATLANTA      GA ,
USAA.COM PMT - THANK YOU SAN ANTONIO  TX ,USAA
USAA FSB-OVERDRAFT       SAN ANTONIO  TX ,USAA
ATT*BILL PAYMENT         800-288-2020 TX ,AT&T
ATTM*292945474 ILL ,
AUDIO ELECTRONICS   INDIANANPOL 66380006    317-253-2495 ,
AUTOPAY PAYMENT - THANK YOU ,
USAA.COM PMT - THANK YOU SAN ANTONIO  TX ,USAA
AVIS RENT A CAR #2       ANCHORAGE    AK ,Avis
B & H PHOTO-VIDEO.COM    800-9479950  NY ,
BABIES R US #8863  QPS   KNOXVILLE    TN ,
BALTIMORE GARAGE         PROVIDENCE   RI ,
BARNES & NOBLE #1978     SAN DIEGO    CA ,Barnes & Noble
CVSPHARMACY #3429  Q03   VERO BEACH   FL ,CVS Pharmacy
BARNES & NOBLE #2074     COLUMBIA     MO ,Barnes & Noble
BARNES & NOBLE #2575     SANTA MONICA CA ,Barnes & Noble
WAL-MART #1565           WILLISTON    ND ,WALMART
BARNES&NOBLE*COM         800-843-2665 NJ ,Barnes & Noble
BARWOOD TAXI             KENSINGTON   MD ,
BASS PRO SHOPS STORE 35  PEARL        MS ,Bass Pro Shops
BEALLS-DEPT-STORE #0TAMPA       43573138    9417472355 ,Bealls Department Store
BELDEN'S                 HOUSTON      TX ,
BEST BUY      00003707   LEES SUMMIT  MO ,Best Buy
BEST BUY      00008359   NEW YORK     NY ,Best Buy
BEST BUY CO    134       DUBLIN       CA ,Best Buy
BEST BUY MHT  00004200   VIRGINIA BEACVA ,Best Buy
BESTBUY.COM   00009944   RICHFIELD    MN ,Best Buy
BIG LOTS #05091 BIG LOTS ORLANDO      FL ,Big Lots
BLOCKBUSTEREXPRESS       ORANGE PARK  FL ,Blockbuster
BOBALICIOUS LLC          MECHANICSVILLVA ,Bobalicious
BODEN                    866-206-9508 DE ,
BOLONEY'S SANDWICH SHO   BARRINGTON   IL ,
BORDERBROOK ANML HOSP    MURRYSVILLE  PA ,
BORSHEIMS                OMAHA        NE ,
BUCKY'S EXPRES #73 QPS   LA VISTA     NE ,Bucky's Express
C BERRYS                 LINCOLN      NE ,
USAA FSB-OVERDRAFT       SAN ANTONIO  TX ,USAA
CABELAS RETAIL BILLING   BILLINGS     MT ,
CABLE ONE INC 1          877-6922253  AZ ,
CALIFORNIA PIZZA 290     SEAL BEACH   CA ,
MCDONALD'S F1796         HAMPTON      VA ,Mcdonalds
APL*APPLE ITUNES STORE   866-712-7753 CA ,APPLE
CARIBOU COFFEE 10 Q86    DETROIT      MI ,Caribou Coffee
CARIBOU COFFEE#1223      EAGAN        MN ,Caribou Coffee
CARPENTER BROS HAR       ANN ARBOR    MI ,
CARTER'S #751            JOHNSON CREEKWI ,
CH WOMENHEALTH ASSOCIA   PHILADELPHIA PA ,
CHARLOTTE RUSSE 331      COLUMBUS     GA ,
CHATHAM VILLAGE MARK     CHATHAM      MA ,
CHICK-FIL-A #02258       INDEPENDENCE MO ,Chick-Fil-A
CHICK-FIL-A #02289       WEST COLUMBIASC ,Chick-Fil-A
CHIPOTLE 0360            WINTER PARK  FL ,Chipotle
WAL-MART #0919           FT WALTON BE FL ,WALMART
CHRISTS CHURCH           JACKSONVILLE FL ,
CINCO DE MAYO            GRAND RAPIDS MI ,
USAA.COM PMT - THANK YOU SAN ANTONIO  TX ,USAA
USAA.COM PMT - THANK YOU SAN ANTONIO  TX ,USAA
CLARK ONLINE             301-5955300  MD ,
USAA.COM PMT - THANK YOU SAN ANTONIO  TX ,USAA
COMFORT INN&SUITES HOT   GREAT BARINGTMA ,Comfort Inn
COMFORT SUITES           ALEXANDRIA   LA ,Comfort Inn
CONVENIENCE CHECK 4541   SAN ANTONIO  TX ,
COSTCO WHSE #0633 0000000HELENA       MT ,Costco
COSTCO WHSE #0689 0000000SAN ANTONIO  TX ,Costco
CREDIT FOREIGN TRAN CHG ,
DAFFY'S #401             PHILADELPHIA PA ,
DAVID DEANGELO COMMUNI   SANTA MONICA CA ,
DD/BR #340769      Q35   NEW MARKET   MD ,
DIAMONDS INTL 755        CABO SAN LUCAMX ,
DMI* DELL SM BUS         800-456-3355 TX ,
DOC'S                    THATCHER     AZ ,
DOUGHERTY'S PUB          BALTIMORE    MD ,
EAGLE GUNS & RANGE       CONCORD      NC ,
EAST COOPER BAPTIST CHURC843-8563222  SC ,
EDWARDS TEMECULA STDM    TEMECULA     CA ,
E-MEALZ                  02054015340  AL ,
REDBOX *DVD RENTAL       OAKBRKTERRACEIL ,Redbox
ENMARK ASHVILLE 84Q77    ASHEVILLE    NC ,
ENTERPRISE RENT-A-CAR    WATERTOWN    NY ,Enterprise Rent a Car
ENVISION IMAGING OF FR   FRISCO       TX ,
EUREST AT GAO 11219441   WASHINGTON   DC ,
EXCHANGE CATALOG/ONLIN   08005823289  TX ,
EXPEDIA*8010991342893    800-367-3476 NV ,
EXPERIAN    *CREDITREP   866-2528810  CA ,
EXPERIAN    *CREDITREP   INFOEXD.COM  CA ,
EXXONMOBIL    45944048   ENNIS        MT ,Exxon mobil
EXXONMOBIL    47305297   ROY          UT ,Exxon mobil
APL*APPLE ITUNES STORE   866-712-7753 CA ,Apple
EXXONMOBIL    47882618   MURFREESBORO TN ,Exxon mobil
USAA.COM PMT - THANK YOU SAN ANTONIO  TX ,USAA
FABRIC TREE              DANBURY      CT ,
FIRESIDE LODGE           BIG BEAR LAKECA ,
FIRESTONE     00219972   DE SOTO      TX ,
FONG'S PIZZA             DES MOINES   IA ,Fongs Pizza
FOODLAND KAILUA          KAILUA       HI ,
FOREIGN TRAN CHG ,
FOREIGN TRAN CHG ,
CVS PHARMACY #2222 Q03   PHILADELPHIA PA ,CVS Pharmacy
FOREVER 21 #3533         MONTEREY     CA ,Forever 21
USAA INS PREMIUM         SAN ANTONIO  TX ,USAA
FRESH MKT-014 SPA ,
FRESH MXN FOOD - ROSE    SAN DIEGO    CA ,
FRGNC                    ALBUQUERQUE  NM ,
FRYS-FOOD-DRG #137       TUCSON       AZ ,
FRYS-FUEL #7689          MARANA       AZ ,
FT BELVOIR SHOP/CLASFORT BELVOI 36509696   GOVERNMENT SERVICE ,
FT LAUD P PARKING METE   FT LAUDERDALEFL ,
FUZZYS TACO SHOP         MCKINNEY     TX ,Fuzzy's Taco Shop
GAP ONLINE ,Gap
GE 800 LRR    30031140   STAMFORD     CT ,
GILT GROUPE              877-2800545  NY ,
GO! CALENDARS            TUCSON       AZ ,
GOLDS GYM ROSSLYN        866-465-3775 VA ,
GOOGLE *GAMELOFT         GOOGLE.COM/CHCA ,
GOOGLE *RUBICON          GOOGLE.COM/CHCA ,
GRIP PHONE PROTECTION    LAS VEGAS    NV ,
GRUBHUB FOOD ORDER       877-585-7878 IL ,GrubHub
GUESS #3156              WILLIAMSBURG VA ,Guess
HAVEN IN PARIS           978-4059420  MA ,
HCTRA REBILL             281-8753279  TX ,
HENNESSEYS TAVERN #5     MANHATTAN BEACA ,
USAA FSB-OVERDRAFT       SAN ANTONIO  TX ,USAA
HERALD-LDR CIRCULATION   800-999-8881 KY ,
HESS 38363               ALLENTOWN    PA ,
HOBBY-LOBBY #0123        SAN ANTONIO  TX ,
HOLIDAY INN EXPRESS &    CONWAY       AR ,Holiday Inn
HOLIDAY INNS APPLETON    APPLETON     WI ,Holiday Inn
HOLLYWOOD THEATERS # 8   LAWRENCE     KS ,
HONEYBAKED HAM #1201     LITTLE ROCK  AR ,Honeybaked Ham
HOTEL VALENCIA - RI      SAN ANTONIO  TX ,
HOTELS.COM US            800-219-4606 NV ,Hotels.com
HOTELS.COM US            800-219-4606 WA ,Hotels.com
IHOP 4401                DALTON       GA ,IHOP
IKEA COLLEGE PARK        COLLEGE PARK MD ,Ikea
INDIANA TOLL ROADS       8668995849   PA ,
INTEGRITY DESIGNS &      GATLINBURG   TN ,
Interest on Cash Advances ,
Interest on Purchases ,
Interest on Purchases ,
IRA TOYOTA SCION TEWKS   TEWKSBURY    MA ,
JACK IN THE BOX 5339ROSAMOND    63600173    661-256-5920 ,Jack in the Box
JACK IN THE BOX 726QPS   LAS VEGAS    NV ,Jack in the Box
JACKSONVILLE NAS COMMISS JACKONSVILLE FL ,
JEREMY STORE 00403428    PARK CITY    UT ,
JIMMY JOHNS - 277        O FALLON     IL ,
JOS A BANK #86 0082 BURLINGTON  08601001    111-111-1111 ,
USAA.COM PMT - THANK YOU SAN ANTONIO  TX ,USAA
JSIX RESTAURANT (2) ,
K & W CAFETERIAS #46     GREENVILLE   NC ,
KABUKI JAPANESE STEAKH   VIRGINIA BEACVA ,
KAHULUI AIRPORT PARKING AKAHULUI HI ,
KANGAROO                 NORTH CHARLESSC ,
KANGAROO EXPRESS 6162    GAINESVILLE  FL ,
KCE POPEYES CHICKEN      APO          XX ,
KFC L367009   24570095   BRIDGEWATER  NJ ,KFC
KFC/TACO BELL #2081Q65   SAN ANTONIO  TX ,KFC
KING KONG SHOE REPA      LEWISVILLE   TX ,
KOHL'S #0204             FAIRBORN     OH ,Kohls
KOHL'S #0205 DAYTON OH ,Kohls
KRYSTAL DFWF02           GRAND PRAIRIETX ,
USAA INS PREMIUM         SAN ANTONIO  TX ,USAA
KWIK SHOP #300           HORN LAKE    MS ,
LA CARRETA MEXICAN RES   MANCHESTER   NH ,
LA FITNESS               09492558100  CA ,
WAL-MART #1682           CHESAPEAKE   VA ,WALMART
LA PINATA                SAN DIEGO    CA ,
LANDS END                08003324700  WI ,
LIFE TIME CAFE 148Q46    COLUMBIA     MD ,Life Time Café
LIFE TIME CAFE 194       CENTENNIAL   CO ,Life Time Café
LINCOLN JOURNAL STAR C   LINCOLN      NE ,
LIVING ROOM OF LAJ QPS LA JOLLA     CA ,
LL*ETIHAD G 341541       SWITZERLAND  CH ,
LOWES #00223*            GAITHERSBURG MD ,Lowes
USAA INS PREMIUM         SAN ANTONIO  TX ,USAA
LOWES #00775*            TEMECULA     CA ,Lowes
USAA FSB LOAN PAYMENT    SAN ANTONIO  TX ,USAA
LOWES #01033*            HENDERSON    NV ,Lowes
LULULEMON BILTMORE  PHOENIX     000113      SPORTING GOODS STORE ,
LUVERNE FARM STORE       LUVERNE      MN ,
MACY*S .COM #0129        800-289-6229 OH ,Macy's
MACY'S #003 HERALD S 0030NEW YORK     NY ,Macy's
MACY'S EAST #501         SHERMAN OAKS CA ,Macy's
MADIGAN GAS PUMPS   FT LEWIS    36412648   GOVERNMENT SERVICE ,
MAPCO MART #3540         MONTEAGLE    TN ,
AAFES HILL MINI MALL G   HILL AFB     UT ,AAFES
MARATHON OIL 063578      BOWLING GREENKY ,
MARATHON PETRO012377   NORMAL       IL ,
MARATHON PETRO063719     CLARKSVILLE  TN ,
MARSHALLS #155           KENOSHA      WI ,Marshalls
MASTERCARD CASH REWARD   THANK YOU    MO ,
MAUERMUSEUM AM CHECKPO   BERLIN       DF ,
MCCARRAN INT L AIRPORT   LAS VEGAS    NV ,
MCCS MARINE CO91010017   KANEOHE BAY  HI ,
MCCS-QUANTICA 12010047   QUANTICO     VA ,
MCGUCKIN HARDWARE        BOULDER      CO ,
MCKEEVER PRICE CHO       LENEXA       KS ,
MEIJER INC #035    Q01   TAYLOR       MI ,
MENARDS 3124             SCHERERVILLE IN ,
MHS*MEDCO HEALTH STORE 866-375-4780 NJ ,
MIDTOWN                  WASHINGTON   DC ,
MISMO GYMNASTICS         MISSOULA     MT ,
MCDONALD'S F5618         CHICAGO      IL ,Mcdonalds
MISSIONS DOOR            888-955-5455 CO ,
USAA INS PREMIUM         SAN ANTONIO  TX ,USAA
MISSISSIPPI MARKET - S   SAINT PAUL   MN ,
APL*APPLE ITUNES STORE   866-712-7753 CA ,APPLE
MOBILE POINTS REDEMPTION ,
MWR BEACH PATI10280170   KEY WEST     FL ,
MY GOODS 76   10069623   TIGARD       OR ,
N CAHOOTS                SHREVEPORT   LA ,
USAA.COM PMT - THANK YOU SAN ANTONIO  TX ,USAA
NAPLES COMMISSARY        ITALY        AE ,
NAVTEQ                   08664628837  UT ,
NAVY EXCHANGE 050002     NORFOLK      VA ,
NAVY EXCHANGE 060122     ATLANTIC BEACFL ,
NCSU ALL CAMPUS MICQPS   RALEIGH      NC ,
NEBRASKA FURNITURE       OMAHA        NE ,
NEWTON FARM 140          JOHNS ISLAND SC ,
NEX FUEL 050039        NORFOLK      VA ,
NFI*WWW.NETFLIX.COM/CC   NETFLIX.COM  CA ,Netflix
NFI*WWW.NETFLIX.COM/CC   NETFLIX.COM  CA ,Netflix
NICK'S LAKE HOUSE        LAKE HARMONY PA ,
USAA.COM PMT - THANK YOU SAN ANTONIO  TX ,USAA
NICOLINOS                AMSTERDAM    NY ,
NOODLES & CO 855         RALEIGH      NC ,
NORDSTROM #0736          AUSTIN       TX ,Nordstroms
NORTHUP'S IMPORTED CAR   WAKEFIELD    RI ,
NYC TAXI MED 2J44 0901026NEW YORK     NY ,
ONLINE PAYMENT FROM SAV 9 ,
ONSTARCALLINGMINUTESTELECOMM 10896340   134560713        48083 ,
OVR*O.CO/OVERSTOCK.COM   800-8432446  UT ,
PACSUN #0152             CINCINNATI   OH ,
WAL-MART #1068           SEBASTIAN    FL ,WALMART
PAGODA.COM               800-311-5393 PA ,
PANDA EXPRESS 1210       BRANDON      FL ,Panda Express
PANERA BREAD #3072       LONE TREE    CO ,Panera Bread
PAPA JOHNS #2088.COM     BURKE        VA ,
USAA.COM PMT - THANK YOU SAN ANTONIO  TX ,USAA
PAULS OF NEW YORK ITAL   WILSON       NC ,
PAYLESS SHOES #0992 MIRAMAR     PAYLESS SHOESOURCE MI ,Payless Shoe Source
PAYMENT - THANK YOU ,
USAA.COM PMT - THANK YOU SAN ANTONIO  TX ,USAA
PAYMENT - THANK YOU ,
PAYMENT - THANK YOU ,
PAYPAL *BEERMONKEY7      402-935-7733 CA ,PayPal
PAYPAL *DEADSTOCK        4029357733   CA ,PayPal
MCDONALD'S F34006        FAYETTEVILLE WV ,Mcdonalds
PAYPAL *PIG NEWTON       402-935-7733 CA ,PayPal
PAYPAL *SEARSHOLDIN      402-935-7733 CA ,PayPal
PC ONE COMPANY           DOHA         QA ,
PC&F ESCONDIDO10080687   ESCONDIDO    CA ,
PEPE'S TACOS             DURANGO      CO ,Pepe's Tacos
PERICOS MEXICAN RESTSAN ANTONIO 10156320111 2104026006 ,
PHOENIX ASIAN CUISINE    GREENSBORO   NC ,
USAA.COM PMT - THANK YOU SAN ANTONIO  TX ,USAA
PIER 98 CONVENIENCE      PANAMA CITY  FL ,
PILOT         00009340   KNOXVILLE    TN ,
PLAZA AZTECA             HAMPTON      VA ,
AAFES HEIDELBERG MAIN    APO          AE ,AAFES
PLUM DISTRICT            04157773757  CA ,
APL*APPLE ITUNES STORE   866-712-7753 CA ,Apple
PRICE CHOPPER #288       KANSAS CITY  MO ,
PRICE CHOPPER #288       KANSAS CITY  MO ,
PT'S OLD FASHIONED GRI   WILMINGTON   NC ,
PURCHASE INTEREST CHARGE ,
PUBLIX #1303             FORT WALTON BFL ,Publix
QUARTER MASTER           562-3047300  CA ,
QVC 384774184101         800-367-9444 PA ,
RACETRAC609   00006098   DALLAS       TX ,
RACEWAY766    80507668   PUNTA GORDA  FL ,
RACINE PLUMBING          CHICAGO      IL ,
RAMPARTS                 ALEXANDRIA   VA ,
RAMSTEIN KMCC MACGRILL   APO          AE ,
RANDALLS FUEL 10046126   PEARLAND     TX ,Randalls Fuel
RED ROBIN NORTHWOODS#363 SAN ANTONIO  TX ,Red Robin
REGAL CINEMAS ATLANTIC   ATLANTA      GA ,Regal Cinemas
REGAL CINEMAS LIVE OAK   LIVE OAK     TX ,Regal Cinemas
REGAL CINEMAS MAGNOLIA   CORAL SPRINGSFL ,Regal Cinemas
RITE AID #7093     Q05   ENTERPRISE   AL ,
RODITYS RESTAURANTS      CHICAGO      IL ,
KROGER #0543             ARLINGTON    TX ,Kroger
RST*RESTAURANT.COM       800-9798985  IL ,
S*MICHIKO LONDON         CLAREMONT    ZA ,
SAINSBURYS S/MKTS        BANBURY      GB ,
SAVWAY FINE WINES & SP   OAK BROOK    IL ,
USAA.COM PMT - THANK YOU SAN ANTONIO  TX ,USAA
SECURITY ADJUSTMENT (OF) ,
SEVEN DWARF'S MINE       LAKE BUENA VIFL ,
SHELL OIL 574418255QPS   PALM SPRINGS CA ,Shell
SHELL OIL 574421400QPS   LOVES PARK   IL ,Shell
USAA.COM PMT - THANK YOU SAN ANTONIO  TX ,USAA
WALMART.COM              08009666546  AR ,WALMART
SHELL OIL 574421934QPS   SILVERTON    OR ,Shell
SHELL OIL 574429940QPS   OAK VIEW     CA ,Shell
SHELL OIL 57542572706    SAN ANTONIO  TX ,Shell
SHELL OIL 57543701908    OCOEE        FL ,Shell
SHELL OIL 57544009004    SAN ANTONIO  TX ,Shell
SHELL OIL 57544195001    DUNWOODY     GA ,Shell
SHELL OIL 57545003709    LIVINGSTON   AL ,Shell
SHENANIGAN'S IRISH ,
SHIPBOARD CHARGES D      LAKE BUENA VIFL ,
WAL-MART #2599           SAN ANTONIO  TX ,WALMART
SHORT STOP #5      QPS   HOPE MILLS   NC ,
SMASHBURGER #1022 5429298SALT LAKE CITUT ,
SMITHSONIAN STUDENT TRAVE888-3339756  MA ,
SOBO 151                 DENVER       CO ,
SOCCER USA INC 04        FARRAGUT     TN ,
SOFRA                    CAMBRIDGE    MA ,
CVS #8966                HAYMARKET    VA ,CVS Pharmacy
SOUTHWES 5260603745026   DALLAS       TX ,
STAMPEDE PEST CONTROL    8328897474   TX ,
STAPLES       00116210   GRANDVILLE   MI ,
STARBUCKS CORP00054544   CARLSBAD     CA ,Starbucks
USAA INS PREMIUM         SAN ANTONIO  TX ,USAA
STARBUCKS D AT201523 5311ATLANTA      GA ,Starbucks
STARBUCKS F8 O31281512 ,Starbucks
SAMSCLUB #6354           MIDLOTHIAN   VA ,SAMSCLUB
STEAMPOWERED.COM         BELLEVUE     WA ,
STEIN-MART #0118         NORTH LITTLE AR ,Stein Mart
STOP & SHOP #855         WHITING      NJ ,Stop Shop
SUBWAY        00245589   FISHERS      IN ,Subway
SUBWAY        00487793 DOVER        DE ,Subway
SUBWAY 00253518 ,Subway
SUNFLOWER MARKETS  DEN   DENVER       CO ,
SUNOCO 0301787800        DUPONT       PA ,Sunoco
SUNOCO 0613442301      STUART       FL ,Sunoco
SUNOCO 0943457200        PUNTA GORDA  FL ,Sunoco
SUNPASS OPERATIONS       5612189574   FL ,
SUNRISE VILLAGE BIGFOO   PUYALLUP     WA ,
USAA.COM PMT - THANK YOU SAN ANTONIO  TX ,USAA
SUNSET SHAPERS           SAN FRANCISCOCA ,
SWAT 650000000033236     COSTA MESA   CA ,
USAA.COM PMT - THANK YOU SAN ANTONIO  TX ,USAA
T J MAXX #1126           MONROE       LA ,TJ Maxx
USAA INS PREMIUM         SAN ANTONIO  TX ,USAA
T.H.E. CHIROPRACTIC &    COLUMBIA     MO ,
TACO BELL #026778 0267   PENSACOLA    FL ,Taco Bell
TACO BELL #16200162172   CLARKSVILLE  TN ,Taco Bell
TACONY                   PHILADELHPHIAPA ,
TALBOTS #0273            COCKEYSVILLE MD ,
TARGET        00011411   PHOENIX      AZ ,Target
TARGET        00014357   HOUSTON      TX ,Target
TARGET        00015396   SHILOH       IL ,Target
CVS #5952                MCKINNEY     TX ,CVS Pharmacy
TARGET        00023002   RICHFIELD    MN ,Target
SAMSCLUB #4816           AURORA       CO ,SAMSCLUB
TARGET T2458 2458        AURORA       CO ,Target
TARKA ROUND ROCK L       ROUND ROCK   TX ,
THE CAPTAINS TABLE       MONROE       NY ,
THE FIRM FITNESS CENTE   REHOBOTH BCH DE ,
THE HOME DEPOT 1028      TEMECULA     CA ,The Home Depot
KROGER 356 000000356     MARIETTA     GA ,Kroger
THE HOME DEPOT 4608 FALLS CHURH 033531950   800-326-7990 ,The Home Depot
THE HOME DEPOT 588       SAN ANTONIO  TX ,The Home Depot
THE MAILING STATION IN   INDIANAPOLIS IN ,
THE MENS WEARHOUSE #8101 800-851-6744 TX ,
THE OLIVE GARD00010041   DAYTONA BEACHFL ,Olive Garden
THE OLIVE GARD00014670   ASHEVILLE    NC ,Olive Garden
THE OLIVE OIL SHOPS LL   LAKE GEVENA  WI ,Mens Warehouse
THE RITZ CARLTON RYNLD   GREENSBORO   GA ,Ritz Carlton
THE SOCIAL ROOM          COLUMBUS     OH ,
TIPS AND TOES            ROCHESTER    MN ,
T-MOBILE RECURRING PMT   800-937-8997 WA ,T-Mobile
TOMMY HILFIGER #059 0076 SEDONA       AZ ,Tommy Hilfiger
TOTAL 4118 SHAMROCK      HIGHLANDS RA CO ,
TPWD - STATE PARKS       AUSTIN       TX ,
TRACFONE    *AIRTIME     TRACFONE.COM FL ,
TRADER JOE'S #042  QPS   LA CANADA    CA ,Trader Joes
TRADER JOE'S #650  QPS 65ANNAPOLIS    MD ,Trader Joes
TRADER JOE'S #664 QPS ,Trader Joes
APL*APPLE ITUNES STORE   866-712-7753 CA ,APPLE
WAL-MART #0956           MELBOURNE    FL ,Walmart
TRADER JOE'S #732  QPS   MARIETTA     GA ,Trader Joes
SAMSCLUB #6330           DOVER        DE ,SAMSCLUB
TRADER JOE'S #741  QPS CARY         NC ,Trader Joes
TRAVEL GUARD GROUP       08008261300  WI ,
CHEVRON G & M OIL CO.,
TRIO RESTAURANT          PALM SPRINGS CA ,
TROPICAL SMOOTHIE AR-12  JACKSONVILLE FL ,
TWX*601SR0*INSTYLE       800-607-9869 NY ,
UA WEST TOWER CINEMAS 10 RICHMOND     VA ,
URBAN-OUTFITTERS-DIR #219972-550-2751 PA ,
USPS 03522695523800543   MESA         AZ ,USPS
AAFES OFFUTT AFB MAIN    OFFUTT AFB   NE ,AAFES
USPS 05678103011026168   AP           CA ,USPS
USPS 07233095520306189   BRIGHTON     CO ,USPS
USPS 16549605630747307   NASHVILLE    IL ,USPS
USPS PO BOXES 66101510   WASHINGTON   DC ,USPS
VALERO 1731              LAFAYETTE    LA ,Valero
VALU HOME CNT 0814 QPS   WILLIAMSVILLENY ,
VEGASCOM CONTACT CNTR  800-431-2140 NV ,
APL*APPLE ITUNES STORE   866-712-7753 CA ,APPLE
VEND AT E PORT           8668995849   PA ,
VERIZON*ONETIMEPAY       800-VERIZON  TX ,Verizon
VETERINARY SPECIALISW HARTFORD  8602363273 ,
VICTORIA SECRET          800-888-1500 OH ,
VIRGIN MOBILE USA        888-322-1122 VA ,
VONAGE *PRICE+TAXES      866-243-4357 NJ ,Vonage
VONAGE *PRICE+TAXES      866-243-4357 NJ ,Vonage
VONS     STORE00024208   BAKERSFIELD  CA ,Vons
VONS     STORE00026815 UPLAND       CA ,Vons
VZW APOCC                800-922-0204 NJ ,Verizon
VZWRLSS*APOCC VISE       800-922-0204 NJ ,Verizon
WALL STREET WINE MERCH   NEW YORK     NY ,
WALL STREET WINE MERCH   NEW YORK     NY ,
WASH METRORAIL00012328   BETHESDA     MD ,
WATERMANS HB ,
WAWA 915      00009159   MEDFORD      NJ ,
CVS PHARMACY #3075       FAIRFIELD    CA ,CVS Pharmacy
WAWA 957      00009571   LUMBERTON    NJ ,
PALM,
WEGMANS #063             PENFIELD     NY ,Wegmans
WENDYS #0103       Q25   GAITHERSBURG MD ,Wendy's
WENDYS #2499       Q25   SOUTH EASTON MA ,Wendy's
WEST MARINE 1267         WILMINGTON   NC ,
WHITE WOLF CAFE          ORLANDO      FL ,
WHOLEFDS HGM 10159       HINGHAM      MA ,Whole Foods
WHOLEFDS PPK 10146       COLORADO SPRICO ,Whole Foods
WHOLEFDS RES 10061       RESTON       VA ,Whole Foods
WHOLEFDS RWF 10235       ROCKVILLE    MD ,Whole Foods
WHOLEFDS SPR 10056       SPRINGFIELD  VA ,Whole Foods
WILSON RESORT MANAGEMENT 800-2983706  FL ,
WINE CELLAR LIQUOR STO   ELIZABETH    NJ ,
WM SUPERCENTER           ALPHARETTA   GA ,Walmart
WM SUPERCENTER           APPOMATTOX   VA ,Walmart
WM SUPERCENTER           AUSTIN       TX ,Walmart
WM SUPERCENTER           PUEBLO WEST  CO ,
USAA.COM PMT - THANK YOU SAN ANTONIO  TX ,USAA
USAA.COM PMT - THANK YOU SAN ANTONIO  TX ,USAA
WWW.ASKCENTURION.COM     ST PETER PORTGB ,
YANKEE CANDLE 0263       SYRACUSE     NY ,Yankee Candle
YOURSAVINGCLU286440372   888-239-3917 CT ,
ZAZZLE.COM               08009809890  CA ,Zazzle
AAFES FT BRAGG MIL SHP   FT BRAGG     NC ,AAFES
AAFES MAXWELL SERV QPS   MAXWELL AFB  AL ,AAFES
ZIPPY'S FF WAIAU 9  PEARL CITY  77          808) 973 0880 ,
1-800-Pack Rat LLC  919-488-3636 85180891364919-488-3636 ,
22 FOOD STORE 694 1005751PARIS        AR ,
349 MINIT SHOP           RIDGECREST   CA ,
7 ELEVEN  49  00000497   OKLAHOMA CITYOK ,7-eleven 
76                       KAILUA       HI ,
7620 SBC PARK DEPT       SANTA BARBARACA ,
7-ELEVEN 20412           HAYMARKET    VA ,7-eleven 
7-ELEVEN 20968 ,7-eleven 
7-ELEVEN 22088           CARBONDALE   CO ,7-eleven 
7-ELEVEN 25088           ORLANDO      FL ,7-eleven 
7-ELEVEN 33351 0007333510ORLANDO      FL ,7-eleven 
AAFES AF SHARANA WEST    APO          AE ,
AAFES CHA GAS PUMPS      CHARLESTON AFSC ,
AAFES EIELSON SHOPPING   EIELSON AFB  AK ,
AAFES FT MEYER MAIN ST   FORT MYER    VA ,
AAFES KMCC MALL          APO          AE ,
ABC*CLUB H               888-827-9262 NJ ,
ACT*5KEVENT              877-228-4881 CA ,
ACT*PROGRAMS             800-498-6065 IA ,
ADI AT SALON BY JC       SAN ANTONIO  TX ,
ADVANCE AUTO PARTS #46   SPRING LAKE  NC ,
AIMS SERV PROF INTE CR ,
ALASKA AIR  0272180138 SEATTLE      WA ,
ALBERTSONS #6510 ,Albertsons
ALDO US #2087            4144751750   WI ,
ALL PRO CLASSICS INC 00-0HOT SPRINGS  AR ,
ALTEX ELECTRONICS 0067   SAN ANTONIO  TX ,
ALTRA                    JACKSON CENTEPA ,
AMAZON MKTPLACE PMTS     AMZN.COM/BILLWA ,Amazon
AMAZON MKTPLACE PMTS     AMZN.COM/BILLWA ,Amazon
AMAZON MKTPLACE PMTS     AMZN.COM/BILLWA ,Amazon
AMAZON SERVICES-KINDLE   866-321-8851 WA ,Amazon
AMAZON SERVICES-KINDLE   866-321-8851 WA ,Amazon
AMAZON SERVICES-KINDLE   866-321-8851 WA ,Amazon
AMAZON SERVICES-KINDLE   866-321-8851 WA ,Amazon
AMAZON SERVICES-KINDLE   866-321-8851 WA ,Amazon
AMAZON.COM               AMZN.COM/BILLWA ,Amazon
AMAZON.COM               AMZN.COM/BILLWA ,Amazon
AMAZON.COM               AMZN.COM/BILLWA ,Amazon
AMC ROSEDALE 101006519   ROSEDALE     MN ,AMC
AMC STUDIO KC 05006101   OLATHE       KS ,AMC
AMERICAN 00123014130610  DALLAS       TX ,
AMIGOFOODS.COM           08006272544  NY ,
AMSTERDAM                SEATTLE      WA ,
ANN TAYLOR LOFT #1483    ANNAPOLIS    MD ,Ann Taylor
APL*APPLE ITUNES STORE   866-712-7753 CA ,APPLE
APL*APPLE ITUNES STORE   866-712-7753 CA ,APPLE
APL*APPLE ITUNES STORE   866-712-7753 CA ,APPLE
APL*APPLE ITUNES STORE   866-712-7753 CA ,APPLE
APL*APPLE ITUNES STORE   866-712-7753 CA ,APPLE
APL*APPLE ITUNES STORE   866-712-7753 CA ,APPLE
APL*APPLE ITUNES STORE   866-712-7753 CA ,APPLE
APPLE STORE 162          PHILADELPHIA PA ,Apple
APPLEBEES 793963379390   ALBUQUERQUE  NM ,Applebee's
APPLEBEES 930320401113   SAFETY HARBORFL ,Applebee's
APW ATLANTA A          ATLANTA      GA ,
ARBY'S #5590  00055905   BUFORD       GA ,Arby's
ARBY'S #6683  00066837   SPRINGFIELD  IL ,Arby's
ATT*BILL PAYMENT         800-288-2020 TX ,
ATT*CONS PHONE PMT       800-288-2020 TX ,
ATTM *188013258513       08003310500  TX ,
AUDIBLE                  888-283-5051 NJ ,Audible
AUSTELL NATURAL GAS      770-948-1841 GA ,
AUSTIN HAI KY LLC        AUSTIN       TX ,
AUTOMATIC PAYMENT - THANK YOU ,
B & H PHOTO-VIDEO.COM    800-9479950  NY ,
BACCHUS WAIKIKI          HONOLULU     HI ,
BAG N SAVE 09            OMAHA        NE ,
BALLARD HS PTSA          206-3437644  WA ,
BANFIELD 1174            STAFFORD     VA ,
BARIK FUEL STATION       KANSAS CITY  KS ,
BARNES & NOBLE #2040     WASHINGTON   DC ,Barnes&noble
BARNES & NOBLE #2564     MINNEAPOLIS  MN ,Barnes&noble
BED BATH & BEYOND #239   FARMINGTON   CT ,
BEN & JERRY'S ISSA       ISSAQUAH     WA ,Ben&Jerrys
BEST BUY      00005736   BARBOURSVILLEWV ,Best Buy
BEST BUY MHT  00005256   NORTH WALES  PA ,Best Buy
BEST BUY MHT  00014100   PARKER       CO ,Best Buy
BLOCKBUSTER INC#40079    CHOCTAW      OK ,
BMC WESTSIDE OPTICAL     5413822811   OR ,
BOB EVANS REST #0097     ZANESVILLE   OH ,
BOJANGLES 795 07007958   JASPER       GA ,
BOTTOM OF THE CUP,
BUCKY'S EXPRESS 61.QPS   OMAHA        NE ,
BULK PLANT FUEL ISLACLARKSVILLE 000136302   9313589303 ,
BVO-DH MAIN #3           HONOLULU     HI ,
BYRON                    LONDON 515   GB ,
CABELAS RETAIL ROGERS    ROGERS       MN ,Cabelas
CABELAS.COM*209420087    800-2374444  NE ,Cabelas
CAMPMOR MAILORDER   800-525-478 242G53      SPORTING GOODS/EQUIP ,
CANTEEN VENDING          8668995849   PA ,CANTEENVENDING
CARDTRONICS CCS          WASHINGTON   DC ,
CARIBOU COFFEE CO #1174 0ST. PAUL     MN ,Caribou Coffee
CASH ADVANCE FEE ,
CENTRAL MARKET #420      AUSTIN       TX ,
CENTURY THEATRES 47QPS   SAN JOSE     CA ,
CHAMPPS #65238           RALEIGH      NC ,
CHARIOT RENT A CAR       BEDFORD      PA ,
CHEDDAR S #250           WICHITA      TX ,Cheddars
CHEDDAR S #460           SAN          TX ,Cheddars
CHEDDARS'S               HARKER       TX ,Cheddars
CHEGG  *EDUCATION SVC    888-364-8598 CA ,CHEGG
CHEVRON 0047582          MIAMI BEACH  FL ,Chevron
CHEVRON 0108044    Q61   HOUSTON      TX ,Chevron
CHEVRON 0202648          PLANTATION   FL ,Chevron
CHEVRON 0202710          KATY         TX ,Chevron
CHICK-FIL-A # 00873      ALPHARETTA   GA ,Chick-fil-a
CHICK-FIL-A #00107       TOLEDO       OH ,Chick-fil-a
CHICK-FIL-A #00205       GAINESVILLE  FL ,Chick-fil-a
CHILDREN'S PLACE #4094   MIDWEST CITY OK ,
CHILI'S GRI70200007021   SHAWNEE      OK ,Chili's
CHILI'S GRILL 00000711   Dallas       TX ,Chili's
CHRISTOPHER'S SPORTS & ,
CHS SNACK BAR B 1552CHARLESTON  0274634     CATERER ,
CIRCLE K 07009           ELLSWORTH    ME ,Circle K
CITY EXTRA               SYDNEY       AU ,
COLON CARE               PORTLAND     OR ,
CONNIES PIZZA            CHICAGO      IL ,
CONSILIENCE              LOS OLIVAS   CA ,
CONTINEN 00526054506865  HOUSTON      TX ,
CORNERSTONE SMOG TEST    COSTA MESA   CA ,
COSTCO WHSE #0330 00FREDERICK   017816000   3016441483 ,Costco
COSTCO WHSE #0694 00VACAVILLE   011818000   7074537361 ,Costco
COTE RESTAURANT          LONDON  WC2N GB ,
COUNTRY CABIN            HIAWATHA     KS ,
COUNTY LINE ON THE LAK   AUSTIN       TX ,
CRACKER BARREL #154 SAN ASAN ANTONIO  TX ,Cracker Barrel
CRATE & BARREL #914 800-967-6696 IL ,
CROWNERY CHINESE RESTAURAHOCKESSIN    DE ,
C-STORE       13020078   CAMP LEJEUNE NC ,
CVS PHARMACY #1173       HEALDSBURG   CA ,CVS Pharmacy
CVS PHARMACY #1387 Q03   SPRINGFIELD  VA ,CVS Pharmacy
CVS PHARMACY #3411 Q03   FAIRBORN     OH ,CVS Pharmacy
CVS PHARMACY #6332       SAN DIEGO    CA ,CVS Pharmacy
CVS PHARMACY #9918       TEMECULA     CA ,CVS Pharmacy
CVS PHARMACY #9992       SACRAMENTO   CA ,CVS Pharmacy
DEKALB CO TAG RENEWAL    DECATUR      GA ,
DELTA ONBOARD            ATLANTA      GA ,
DESIGNING WOMEN          LEAVENWORTH  KS ,
DESIGNS WEST HOME FURN   FLAGSTAFF    AZ ,
DIANES SIDEWALK DELI     WAYNE        PA ,
DICK'S CLOTHING&SPORTI   FAIRFAX      VA ,Dicks
DILLARD'S 172 GREENBRI CHESAPEAKE   VA ,
DRY CLEAN SUPER CENTER   MIDLAND      TX ,
DURON #3642              WAKE         NC ,Duron
EAST COBB EYE CENTER     MARIETTA     GA ,
E-COMMERCE - MHW.COM     05039854000  OR ,
EDUCATIONAL CATERING I   HOUSTON      TX ,
EIG*IPAGE                866-5392854  MA ,
ELISA ILANA - PANDORA    04029263479  NE ,
ENTERPRISE RENT-A-CAR    KANSAS CITY  MO ,
EVACUUMSTORE.COM         QUINCY       MA ,
EXEMPLA GSMC CAFETERIA   DENVER       CO ,
EXPERIAN    *CREDITREP   866-2528810  CA ,
EXXONMOBIL    47869680   BEL AIR      MD ,Exxonmobil
EXXONMOBIL    97561492   STUART       FL ,Exxonmobil
EXXONMOBIL    97600266   SAN DIEGO    CA ,Exxonmobil
EXXONMOBIL    97611073   WESTLAKE VILLCA ,Exxonmobil
FACEBOOK.COM*BWKL322FJ   WWW.FB.ME/CC CA ,
FAITH AND FREEDOM COAL   770-6221501  GA ,
FAMIMA~$~~$~                 SANTA MONICA CA ,
FAMOUS FOOTWEAR OUTLET   ORLANDO      FL ,
FOOT LOCKER 07830        PITTSBURGH   PA ,Foot Locker
FOREIGN TRAN CHG ,
FOREIGN TRAN CHG ,
FOREIGN TRAN CHG ,
FOREVER XXI #716         DALLAS       TX ,Forever 21
FOSSIL                   800-449-3056 TX ,
FOSSIL #235              GLENDALE     AZ ,
FRESHGROUND ROASTING,    WEST CHICAGO IL 
FRESHNESS                PHILADELPHIA PA ,
FRISCO - 16136 8000009043FRISCO       TX ,
FRYS FUEL #7027          PHOENIX      AZ ,Frys
FT POLK COMMISSARY       FORT POLK    LA ,
FT STEWART HARMON AVE GASFT STEWART   GA ,
GENESIS RESTAURANTE      SAN JUAN     PR ,
GIANT FOOD INC #143      ELLICOTT CITYMD ,Giant Food
GIANT FOOD INC #350      SILVER SPRINGMD ,Giant Food
GOASIS BRUNSWICK   QPS   BRUNSWICK    GA ,
GOODWILL - WEST ASHLEY   CHARLESTON   SC ,Goodwill
GOODWILL INDUSTRIES #3   COLUMBUS     GA ,Goodwill
GORE MTN SKI             NORTH CREEK  NY ,
GUITAR CENTER #731       MATHEWS      NC ,
HAN SS/APS GAS PUMPS     HANSCOM AFB  MA ,
HANKEL & CARPENTER LTD   CASA GRANDE  AZ ,
HARDEE'S #0561           JEFFERSON CITMO ,Hardee's
HARRIS TEETER #0274      MOORESVILLE  NC ,Harris Teeter
HARRIS TEETER #0369      VIRGINIA BEACVA ,Harris Teeter
HARRIS TEETER #135       HAMPSTEAD    NC ,Harris Teeter
HAT WORLD, INC           SANTA CLARA  CA 
HEARTLAND OUTDOORS LLC   EDMOND       OK ,
HEB GAS/CAR WASH #61     COLLEGE STATITX ,HEB
HEB GAS/CARWASH #110     MISSOURI CITYTX ,HEB
HEEB'S EAST MAIN GRO     BOZEMAN      MT ,
HILTON COLOGNE           KOELN        DF ,
HOBBY-LOBBY #0200        RAPID CITY   SD ,HobbyLobby
HOBBY-LOBBY #257         WEST BEND    WI ,HobbyLobby
HUDSON NEWS NEWARK JV    NEWARK       NJ ,
IHOP 1947                CLEAR LAKES STX ,IHOP
Interest on Cash Advances ,
Interest on Purchases ,
Interest on Purchases ,
INTERPARKING #1075       WASHINGTON   DC ,
INTUIT *QUICKEN          800-446-8848 CA ,
IPASS AUTOREPLENISH #5   800-824-7277 IL ,
ITUNES MUSIC STORE IAUSTIN      MGN5V9G8YT0 iTunes Music Store ,APPLE
ITUNES MUSIC STORE ITUNESAUSTIN       TX ,APPLE
JAMBA JUICE #596 00000059KANEOHE      HI ,Jamba Juice
JCPENNEY.COM             800-221-8019 KS ,JCPenney
JEWISH COMMUNITY OF LO   LOUISIVLLE   KY ,
JOANN FABRIC #1333       PORT RICHEY  FL ,Joann Fabric
JOANN FABRIC #1637       PEORIA       IL ,Joann Fabric
JO-ANN STORE #2106       FORT WORTH   TX ,Joann Fabric
JO-ANN STORE #2106 FORT WORTH  TX CREDIT ,Joann Fabric
KARL'S KORNER 6608       FOREST LAKE  MN ,
KENWOOD VINEYARDS        KENWOOD      CA ,
KFC C301016   16010167   VISTA        CA ,KFC
KHOURY'S MINI MART       SPRING CREEK NV ,
KING SOOPERS #0122 000000LITTLETON    CO ,
KINGTOWN GAS STAT 6613   ALEXANDRIA   VA ,
KLINKE CLEANERS #15      MADISON      WI ,
KOHLS DEPT STORE 420LAKE ZURICH 042006728   8475509400 ,Kohls
KROGER #356              HOUSTON      TX ,Kroger
KROGER FUEL CTR #7356    HOUSTON      TX ,Kroger
KWIK KAR LUBE &  TUNE    BAYTOWN      TX ,
KWIK KAR LUBE &  TUNE    BAYTOWN      TX ,
LEAPFROG    *USD         866-334-5327 CA ,
LEHIGH REGIONAL MEDICA   239-3692101  FL ,
LL BEAN MAILORDER        800-3414341  ME ,
LOVELY NAILS             DUNWOODY     GA ,
LOWES #01504*            SAN ANTONIO  TX ,Lowes
LOWES #02336*            HONOLULU     HI ,Lowes
LOWE'S OF S. CENTRAL JACKJACKSONVILLE FL ,Lowes
MACY*S EAST #0054        WILLOWGROVE  PA ,Macy's
MACY'S EAST #394         PORTLAND     OR ,Macy's
MACY'S EAST #777         MIAMI        FL ,Macy's
MADIGAN S WATERFRONT     OCCOQUAN     VA ,
MARKET MAGIC             SEATTLE      WA ,
MARKET STREET #563       ALLEN        TX ,
MASSAGE ENVY 0089        253-4445599  WA ,
MATERIAL RECOVERY & TR   KANSAS CITY  MO ,
MCALISTERS DELI #10QPS   BRANDON      MS ,Mcalisters
MCCS CONVENIENCE STORE USQUANTICO     VA ,
MCCS MARINE AIR GROUND COTWENTYNIN PLMCA ,
MCCS MARINE CORPS HAWAII MCBH K-BAY   HI ,
MCDONALD'S F11177 ,McDonalds
MCDONALD'S F12749 0000000MT VERNON    KY ,McDonalds
MCDONALD'S F14966 0000000WEST OSSIPEE NH ,McDonalds
MCDONALD'S F17562        AUBURN       AL ,McDonalds
MCDONALD'S F25757        NORTH LITTLE AR ,McDonalds
MCDONALD'S M4266 OF      ARLINGTON    VA ,McDonalds
MCDONALD'S M4803 OF      UNION CITY   GA ,McDonalds
MCGUIRE COMMISSARY       MCGUIRE AFB  NJ ,
MCKEEVER PRICE CHO       PARKVILLE    MO ,
MEIJER #211        Q01   ROSSFORD     OH ,
MENOMONEEFALLS CINEQPS   MENOMONEE FALWI ,
MICHAELS #2048 FORT WORTH  TX     CREDIT ,Michaels
MICROSOFT   *XBOX LIVE 00BILL.XBOX.COMWA ,Microsoft
MICROSOFT *ZUNE ,MICROSOFT
MIKES GENERAL STORE      TAYLORS FALLSMN ,Mikes Genral
MILANO S AT KERNAN       JACKSONVILLE FL ,
MILANO'S PIZZA LLC       MILLINGTON   TN ,
MOBRIDGE PIZZA RANCH MOBRMOBRIDGE     SD ,
MOLLY MAID OF NORTHEAST  818-673-8111 CA ,
MONKEY BAR               NEW YORK     NY ,
MOTO-I                   MINNEAPOLIS  MN ,
MURPHY6835ATWALMRT       DURANT       OK ,Murphy
MURPHY7089ATWALMRT       SHAWNEE      OK ,Murphy
MURPHY7238ATWALMRT       HUDSON OAKS  TX ,Walmart
MYFAX  *PROTUS IP SOLN   866-563-9212 GA ,
NAVY EXCHANGE 050460 0003ANNAPOLIS    MD ,
NAVY EXCHANGE 140160     PEARL HARBOR HI ,
NAVY EXCHANGE 210027     FPO          AE ,
NE AQUARIUM              BOSTON       MA ,Netflix
NETFLIX NONE        LOS GATOS   2145999172  NONE ,Netflix
NETFLIX NONE        LOS GATOS   2170443230  NONE ,Netflix
NFI*WWW.NETFLIX.COM/CC   NETFLIX.COM  CA ,
NIKE.COM                 800-806-6453 OR ,Nike
NOCHE BROOKHAVEN         ATLANTA      GA ,
NORDSTROM #0622          TOWNSON      MD ,Nordstorm
NVCCLOUDOUNBKSTORE #65   703-430-9639 VA ,
NWF*NATIONAL WILDLIFE    800-822-9919 VA ,
OLD TOWN SERVICE STATION ALEXANDRIA   VA ,Old Town
OLIVER'S                 KATONAH      NY ,
OPAY ARLINGTON CO TREA 800-4874567 CAREFERENCE ID: 2447268885QE26DWL ,
OR VETERINARY MED EXAM BD971-6730224  OR ,
OSAKA                    BEAVERCREEK  OH ,
OURISMAN CHANTILLY IMP   CHANTILLY    VA ,
PACSUN #1146             MONROE       OH ,Pacsun
PANERA BREAD #3068       LITTLETON    CO ,Panera Bread
PANERA BREAD #3572 000000CHEVY CHASE  MD ,Panera Bread
PAPAYA CLOTHING          WEST NYACK   NY ,Papaya
PARKING METERS           ALEXANDRIA   VA ,
PARTY CITY #481          CEDAR HILL   TX ,Party City
PATHMARK 76-248          DEVON        PA ,Pathmark
PATHMARK 76-248          DEVON        PA ,Pathmark
PAYMENT - THANK YOU ,
PAYMENT-THANK YOU        SAN ANTONIO  TX ,
PAYMENT-THANK YOU        SAN ANTONIO  TX ,
PAYPAL *RDUCKHORN4  4029357733  44841950    402-935-7733 ,PAYPAL
PAYPAL *SMARTOM          UK ,PAYPAL
PAYPAL *STELLARSTIT      4029357733   CA ,PAYPAL
PEARL HARBOR COMMISSAR   PEARL HARBOR HI ,
PETCO  632    63506323   GRAND FORKS  ND ,Petco
PETSMART INC 1185        AUSTIN       TX ,Petsmart
PHONE-CARD-PIN.COM       WELLESLEY    MA ,
PHONEPOWER COM           888-6076937  CA ,
PICTURE PEOPLE           POTTSTOWN    PA ,
PILOT                    Lake Point   UT ,
PILOT         00006627   OAK GROVE    KY ,
PINNACLE CAR WASH 04GULF SHORES 003286781   AUTO SERVICE ,
PMI BWI AIRPORT PARK     BWI AIRPORT  MD ,
PMI BWI AIRPORT PARKNG   BWI AIRPORT  MD ,
POP'S WINE & SPIRIT      SUWANEE      GA ,
PUBLIX #463              WOODSTOCK    GA ,PUBLIX
PURCHASE 12-29-11 EXECUTIVE LASE1500 W DES MOINES IA auth# 471777 ,
QT 881        08008815   FT WORTH     TX ,
QUICKS GLASS SERVICE #   MARYSVILLE   CA ,
QVC 392310662601 4OF4    800-367-9444 PA ,
RADIOLOGICAL SCTY NA W   06305907726  IL ,
RADIOSHACK COR00133017 SEATTLE      WA ,RADIOSHACK
RALPHS #0067             FULLERTON    CA ,Ralphs
RAMST INNS - RAMSTEIN    APO          AE ,
RANDALLS STORE00024836   AUSTIN       TX ,
REASOR'S #17             CATOOSA      OK ,
REDBOX *DVD RENTAL       866-733-2693 IL ,Redbox
REDBOX *DVD RENTAL       OAKBRKTERRACEIL ,Redbox
REDBOX *DVD RENTAL       OAKBRKTERRACEIL ,Redbox
RESTAURANT 3             ARLINGTON    VA ,
RESTORATION HARDWARE 9   800-7621751  CA ,
RETURN PMT FEE FOR PAYMNT ,
RISTORANTE AL DENT       CHARLOTTESVILVA ,
RITE AID STORE 3723Q05   MCLEAN       VA ,RITE AID
ROCK AUTO                06086611376  WI ,
RODEN SMITH              CLOVIS       NM ,
RODOLFOS TACO SHOP       SIERRA VISTA AZ ,
ROSA'S CAFE #019         WATAUGA      TX ,
ROSS STORES #703         LAS VEGAS    NV ,Ross
ROYAL MART #10 54292HARRISONBUR 228027285   5404322339 ,
RR 5 CAFE     50168129   RIO RANCHO   NM ,
RUBY TUESDAY #2706       CHANTILLY    VA ,Ruby Tuesday
RUGGBY'S                 HUNTSVILLE   AL ,
SAFEWAY  FUEL 10026409   PUYALLUP     WA ,Safeway
SAFEWAY  STORE  1258DIXON       GROCERY STORE ,Safeway
SAFEWAY  STORE  1294KENT        GROCERY STORE ,Safeway
SAFEWAY  STORE00004234 SEATTLE      WA ,Safeway
SAFEWAY  STORE00015107   GLENDALE     AZ ,Safeway
SAFEWAY FUEL  10036507   DALLAS       TX ,Safeway
SAM'S #4955              SURPRISE     AZ ,
SAMSCLUB #4721           HOUSTON      TX ,Sams Club
SAMSCLUB #4818           BROOKSVILLE  FL ,Sams Club
SAMSCLUB #6453           AUSTIN       TX ,Sams Club
SAMSCLUB #8267           CORPUS CHRIS TX ,Sams Club
SAMSCLUB #8277           WHITE SETTLEMTX ,Sams Club
SAMSCLUB 4820 GAS        POOLER       GA ,Sams Club
SAMSCLUB 4820 GAS        POOLER       GA ,Sams Club
SAMSCLUB 6524 GAS        COLONIAL HEIGVA ,Sams Club
SANDELLA'S FLATBREAD C   ROUND ROCK   TX ,
SAUGERTIES ANIMAL H      SAUGERTIES   NY ,
SCHNUCKS 177 SEVEN HOFALLON     219173330   6186325525 ,
SCOTT MCLENDON HARDWARE2 ,
SEAMLESS                 800-905-9322 NY ,
SF RECREATION & PARKS    0001         CA ,
SHAW'S MARKET #7628    BRUNSWICK    ME ,
SHELL OIL 57443305404    FAIRVIEW HEIGIL ,Shell
SHELL OIL 57443810809    LAKEWOOD     CO ,Shell
SHELL OIL 575244310QPS   SLIDELL      LA ,Shell
SHELL OIL 57542203609    MADISONVILLE TX ,Shell
SHELL OIL 575429787QPS   NEWPORT      RI ,Shell
SHELL OIL 57543992408    WOODBRIDGE   VA ,Shell
SHELL OIL 910027427QPS   ELGIN        SC ,Shell
SHELL OIL 930040957QPS   RIDGEFIELD   WA ,Shell
SIMPSONS ACE HARDWARE    SUMTER       SC ,Simpsons Ace Hardware
SOUTH MOON UNDER 80 IN   410-641-1644 MD ,
SPEEDEE MART #111        HENDERSON    NV ,
SPORT CHALET  000059 4010SAN DIEGO    CA ,
SPORTS AUTHORI004267 0990ATLANTA      GA ,SPORTS AUTHORITY
SPRINGS LIQUOR OUTLET    COLORADO SPRICO ,
SPRINT FOODS # 1         BEECH ISLAND SC ,Sprint
ST PAUL EYE CLINIC OPTCTREAGAN        MN ,
STA*STARBUCKSSTORE.COM   877-421-9062 WA ,Starbucks
STAPLES       00115402   EAST LONGMEADMA ,Staples
STARBUCKS CORP00087965   MAYFLD HGHTS OH ,Starbucks
STARBUCKS CORP00102624   LONE TREE    CO ,Starbucks
STEAK AND RIB            BRECKENRIDGE CO ,
STEGER MUKLUKS           218-3656553  MN ,Steger Mukluks
STOP & SHOP #597         POUGHKEEPSIE NY ,Stop&shop
STOP & SHOP #624         MADISON      CT ,Stop&shop
STOP & SHOP FUEL #343    LUSBY        MD ,Stop&shop
SUBWAY        030890 2550CINCINNATI   OH ,Subway
SUBWAY        224493 2550LITTLETON    CO ,Subway
SUBWAY 00180372 ,Subway
SUGAR CREEK #150         PAVILION     NY ,
SUNOCO 0323678301        SEVEN FIELDS PA ,Sunoco
SUNOCO 0398829201        STERLING     VA ,Sunoco
SUNPASS OPERATIONS       888-8655352  FL ,
SUPERIOR HONDA           HARVEY       LA ,
T J MAXX #1186           BROOKLYN     NY ,TJ Maxx
T MOBILE 9386            MYRTLE BEACH SC ,
TACO BELL 001200012666   JACKSONVILLE NC ,TacoBell
TACO BELL 591            SHERWOOD     AR ,TacoBell
TALLY HO THEATRE         LEESBURG     VA ,
TARGET        00003574   ALBUQUERQUE  NM ,Target
TARGET        00015420   AUSTIN       TX ,Target
TARGET        00018572   STAFFORD     VA ,Target
TARGET        00022160   EL PASO      TX ,Target
TARGET        00022715   ANNAPOLIS    MD ,Target
TARGET        00023713   ANCHORAGE    AK ,Target
TAVERN BY THE SEA        NORTH KINGSTORI ,
TEXAS AUTO               ARLINGTON    TX ,
THE ALLERGY & ASTHMA C   BURKE        VA ,
THE COFFEE BOOTH         LOS ALAMOS   NM ,
THE HOME DEPOT #1073     HANFORD      CA ,The Home Depot
THE HOME DEPOT #2510     ABERDEEN     MD ,The Home Depot
THE HOME DEPOT 111       MARIETTA     GA ,The Home Depot
THE HOME DEPOT 111       MARIETTA     GA ,The Home Depot
THE HOME DEPOT 132       CAROLLTON    GA ,The Home Depot
THE HOME DEPOT 1512      FT. COLLINS  CO ,The Home Depot
THE HOME DEPOT 2103      W. DES MOINESIA ,The Home Depot
THE HOME DEPOT 3607      KANNAPOLIS   NC ,The Home Depot
THE HOME DEPOT 402       YUMA         AZ ,The Home Depot
THE HOME DEPOT 4626      VIRGINIA BCH VA ,The Home Depot
THE HOME DEPOT 6560      KEMAH        TX ,The Home Depot
THE HOME DEPOT 6678      LIVERMORE    CA ,The Home Depot
THE LITTLE RED BARN      PACE         FL ,The Little Red Barn
THE MENS WEARHOUSE #35   WOODBRIDGE   VA ,Mens Warehouse
THE OLIVE GARD00016899   DESTIN       FL ,Olive Garden
THREE SONS ITALIAN RESTAUARVADA       CO ,3 Sons Italian 
TIRE KINGDOM 294         BEAVERCREEK  OH ,
TJ MAXX #1131            CANTON       GA ,TJ Maxx
T-MOBILE RECURRING PMT ,T-mobile
TOM THUMB 118      Q39   CRESTVIEW    FL ,Tom Thumb
TONY'S BRICK OVEN PIZZ   GULFPORT     MS ,Tonys Brick Oven
TOYS R US #8754    QPS   SAVANNAH     GA ,Toys R Us
TRACTOR SUPPLY #753      BENNINGTON   VT ,
TRADER JOE'S #061  QPS   SAN RAFAEL   CA ,Trader Joe's
TRADER JOE'S #746  QPS 74RALEIGH      NC ,Trader Joe's
Travel Med Protect  Green Bay   TM1797283   1-800-297-2900 ,
TRIWEST HEALTHCARE PRI   08888749378  AZ ,
TSAOS CUISINE            FAIRBORN     OH ,
UAB CAMPUSCARD WEB       205-975-7731 AL ,
UBC E-PAYMENT            VANCOUVER    CD ,
UNITED DAIRY FARMERS #   WEST CHESTER OH ,
UNIVERSAL WEB 40000010   UNIVERSAL CITCA ,
US TAX AID               SCOTTSDALE   AZ ,
USAA FSB-OVERDRAFT       SAN ANTONIO  TX ,USAA
USAA FSB-OVERDRAFT       SAN ANTONIO  TX ,USAA
USAA INS PREMIUM         SAN ANTONIO  TX ,USAA
USAA INS PREMIUM         SAN ANTONIO  TX ,USAA
USAA INS PREMIUM         SAN ANTONIO  TX ,USAA
USAA.COM PMT - THANK YOU SAN ANTONIO  TX ,USAA
USAA.COM PMT - THANK YOU SAN ANTONIO  TX ,USAA
USAA.COM PMT - THANK YOU SAN ANTONIO  TX ,USAA
USAA.COM PMT - THANK YOU SAN ANTONIO  TX ,USAA
USAA.COM PMT - THANK YOU SAN ANTONIO  TX ,USAA
USAA.COM PMT - THANK YOU SAN ANTONIO  TX ,USAA
USAA.COM PMT - THANK YOU SAN ANTONIO  TX ,USAA
USAA.COM PMT - THANK YOU SAN ANTONIO  TX ,USAA
USPS 01276095517901620   ENTERPRISE   AL ,
USPS 48470495524802845   KILEEN       TX ,
UTAH-DMV OFFICES 80000089SALT LAKE CITUT ,
UW MADISON DINING RETAIL ,
VALERO 1002 0000000006433SAN ANTONIO  TX ,Valero
VALERO 1657              TUCSON       AZ ,Valero
VERIZON WRLS MYACCT VE   FOLSOM       CA ,Verizon
VICTORIA'S SECRET 0020   FAIRFAX      VA ,Victorias Secret
VIRGIN A 98421305108790  SAN FRANCISCOCA ,
VIRGIN AM                BURLINGAME   CA ,
VS SHOPPES @ PALAZZO 1459LAS VEGAS    NV ,
VZWRLSS*WALCCRVW 3368009220204 027226     8009220204 ,
WALGREENS #4603          OKLAHOMA CITYOK ,Walgreens
WALGREENS #5853          GREENWOOD    IN ,Walgreens
WALGREENS #7405          DOTHAN       AL ,Walgreens
WAL-MART                 FLANDERS     NJ ,Walmart
WAL-MART #0365           PEARL        MS ,Walmart
WAL-MART #0524           KENEDY       TX ,Walmart
WAL-MART #0961           LA PLACE     LA ,Walmart
WAL-MART #1469           CHATTANOOGA  TN ,Walmart
WAL-MART #1570         AUBURN       IN ,Walmart
WAL-MART #1671           LA VISTA     NE ,Walmart
WAL-MART #1766           MARIETTA     GA ,Walmart
WAL-MART #3441           WHITE PLAINESNY ,Walmart
WAL-MART SUPERCENTER#2545MARINETTE    WI ,Walmart
WASABI SESAME CORP       CORNWALL     NY ,
WAWA 651      00006510   GAINESVILLE  VA ,WAWA
WEIGHTWATCHERS.COM INC   800-221-2112 NY ,Weightwatchers
WEIGHTWATCHERS.COM INC   800-221-2112 NY ,Weightwatchers
WENDY'S  #0815     Q25 00TONAWANDA    NY ,Wendys
WENDYS0399 Q25 HARRISBURG PA ,Wendys
WHATABURGER 717    Q26   SAN ANTONIO  TX ,Whataburger
WHOLEFDS ROS 10230 000000ROSEVILLE    CA ,Wholefoods
WINE NATION              POTOMAC      MD ,
WINN-DIXIE   #1329 000001METAIRIE     LA ,
WM SUPERCENTER           DALLAS       TX ,Walmart
WM SUPERCENTER           EATONTON     GA ,Walmart
WRIGHTS FAMILY MARKE     NORMAN       OK ,
WWW.DICKSSPORTNGGOODS.   877-846-9997 PA ,
WWW.LINKEDIN.COM         MOUNTAIN VIEWCA ,LinkedIn
YAHOO  MAIL         866-562-722 200821778   COMPUTER NETWORK/INFO ,Yahoo
YAKIMA PRODUCTS,
YESASIA.COM LTD          HONG KONG    HK ,
