keywords,city,Aggdata Store Number,store_number,address,state,zip_code,
American Eagle Outfitters,Muskogee,62,00062 000062,501 N. Main Street,OK,74401,
American Eagle Outfitters,Lake Jackson,63,00063 000063,100 Highway 332 West,TX,77566,
American Eagle Outfitters,San Antonio,64,00064 000064,6909 N. Loop 1604 East,TX,78247,
American Eagle Outfitters,Maple Grove,66,00066 000066,12433 Elm Creek Boulevard,MN,55369,
American Eagle Outfitters,CO Springs,67,00067 000067,1710 Briargate Boulevard,CO,80920,
American Eagle Outfitters,Stockton,68,00068 000068,4950 Pacific Avenue,CA,95207,
American Eagle Outfitters,Port Richey,69,00069 000069,9409 US Hwy 19,FL,34668,
American Eagle Outfitters,Sherman,70,00070 000070,4800 N. Texoma Parkway,TX,75090,
American Eagle Outfitters,Toms River,71,00071 000071,1201 Hooper Avenue,NJ,8753,
American Eagle Outfitters,Brunswick,72,00072 000072,100 Mall Boulevard,GA,31525,
American Eagle Outfitters,Huntersville,73,00073 000073,8605 Townley Road,NC,28078,
American Eagle Outfitters,Burlington,74,00074 000074,649 Cascade Mall Drive,WA,98233,
American Eagle Outfitters,National City,76,00076 000076,3030 Plaza Bonita Road,CA,91950,
American Eagle Outfitters,Palm Desert,77,00077 000077,72-840 Highway 111,CA,92260,
American Eagle Outfitters,El Paso,78,00078 000078,750 Sunland Park Drive,TX,79912,
American Eagle Outfitters,Mt. Pleasant,79,00079 000079,1224 Belk Drive,SC,29464,
American Eagle Outfitters,Vero Beach,80,00080 000080,6200 20th Street,FL,32966,
American Eagle Outfitters,Houston,83,00083 000083,5137 West Alabama,TX,77056,
American Eagle Outfitters,Victoria,86,00086 000086,7800 N. Navarro Street,TX,77904,
American Eagle Outfitters,South Miami,88,00088 000088,5701 Sunset Drive,FL,33143,
American Eagle Outfitters,Torrance,90,00090 000090,3525 Carson Street,CA,90503,
American Eagle Outfitters,San Diego,91,00091 000091,4353 La Jolla Village Drive,CA,92122,
American Eagle Outfitters,Minnetonka,92,00092 000092,12349 Wayzata Boulevard,MN,55305,
American Eagle Outfitters,Rancho Cucamonga,94,00094 000094,12550 North Mainstreet,CA,91739,
American Eagle Outfitters,Redmond,95,00095 000095,16548 NE 74th Street,WA,98052,
American Eagle Outfitters,Pembroke Pines,96,00096 000096,11401 Pines Boulevard,FL,33026,
American Eagle Outfitters,Westlake,97,00097 000097,253 Crocker Park Boulevard,OH,44145,
American Eagle Outfitters,North Little Rock,98,00098 000098,3929 McCain Boulevard,AR,72116,
American Eagle Outfitters,CO Springs,102,000102 0000102,750 Citadel Drive East,CO,80909,
American Eagle Outfitters,Moline,103,000103 0000103,4500 16Th Street,IL,61265,
American Eagle Outfitters,Norman,104,000104 0000104,3317 W. Main Street,OK,73072,
American Eagle Outfitters,Florence,105,000105 0000105,2028 Florence Mall Road,KY,41042,
American Eagle Outfitters,Greensburg,106,000106 0000106,5256 Route 30,PA,15601,
American Eagle Outfitters,Bowling Green,107,000107 0000107,2625 Scottsville Road,KY,42104,
American Eagle Outfitters,Cedar Falls,108,000108 0000108,1405 College Square Mall,IA,50613,
American Eagle Outfitters,Tupelo,109,000109 0000109,1001 Barnes Crossing Road,MS,38804,
American Eagle Outfitters,Victor,110,000110 0000110,757 Eastview Mall,NY,14564,
American Eagle Outfitters,Freehold,111,000111 0000111,3710 Route 9,NJ,7728,
American Eagle Outfitters,Meriden,112,000112 0000112,470 Lewis Avenue,CT,6451,
American Eagle Outfitters,Knoxville,113,000113 0000113,7600 Kingstown Pike,TN,37919,
American Eagle Outfitters,Columbia,114,000114 0000114,100 Columbiana Circle,SC,29212,
American Eagle Outfitters,Wichita,115,000115 0000115,7700 East Kellogg Dr.,KS,67207,
American Eagle Outfitters,Pineville,117,000117 0000117,11025 Carolina Place Pkwy,NC,28134,
American Eagle Outfitters,Jacksonville,118,000118 0000118,10300 Southside Boulevard,FL,32256,
American Eagle Outfitters,Bloomington,119,000119 0000119,1615 East Empire Street,IL,61701,
American Eagle Outfitters,Cincinnati,120,000120 0000120,9643 Colerain Road,OH,45251,
American Eagle Outfitters,Peoria,121,000121 0000121,4501 War Memorial,IL,61613,
American Eagle Outfitters,Austin,123,000123 0000123,2901 S Capital of TX Hwy,TX,78746,
American Eagle Outfitters,Fort Worth,124,000124 0000124,4800 South Hulen Street,TX,76132,
American Eagle Outfitters,Plano,125,000125 0000125,811 North Central Expressway,TX,75075,
American Eagle Outfitters,Rochester,126,000126 0000126,405 Greece Ridge Ctr Dr,NY,14626,
American Eagle Outfitters,Columbia,127,000127 0000127,10300 Little Patuxent Parkway,MD,21044,
American Eagle Outfitters,Pensacola,129,000129 0000129,5100 North 9th Avenue,FL,32504,
American Eagle Outfitters,Chesapeake,130,000130 0000130,1401 Greenbrier Parkway S,VA,23320,
American Eagle Outfitters,Burnsville,131,000131 0000131,2049-50 Burnsville Ctr.,MN,55306,
American Eagle Outfitters,Arlington,132,000132 0000132,3811 South Cooper,TX,76015,
American Eagle Outfitters,Moorestown,134,000134 0000134,400 Route 38,NJ,8057,
American Eagle Outfitters,College Station,135,000135 0000135,1500 Harvey Road,TX,77840,
American Eagle Outfitters,Huntsville,136,000136 0000136,5901 University Drive,AL,35806,
American Eagle Outfitters,Wyomissing,137,000137 0000137,1665 State Hill Road,PA,19610,
American Eagle Outfitters,Rockford,140,000140 0000140,7200 Harrison Avenue,IL,61112,
American Eagle Outfitters,Elyria,142,000142 0000142,4395 Midway Mall,OH,44035,
American Eagle Outfitters,Akron,143,000143 0000143,2000 Brittain Road,OH,44310,
American Eagle Outfitters,Lewisville,144,000144 0000144,2401 South Stemmons Freeway,TX,75067,
American Eagle Outfitters,Newport News,145,000145 0000145,12300 Jefferson Avenue,VA,23602,
American Eagle Outfitters,Franklin,146,000146 0000146,1800 Galleria Blvd,TN,37064,
American Eagle Outfitters,Horseheads,147,000147 0000147,3300 Chambers Road,NY,14845,
American Eagle Outfitters,Mansfield,148,000148 0000148,606 Richland Mall,OH,44906,
American Eagle Outfitters,Charleston,149,000149 0000149,2070 Sam Rittenberg Blvd.,SC,29407,
American Eagle Outfitters,Hickory,150,000150 0000150,1960 Highway 70 SE,NC,28602,
American Eagle Outfitters,Mobile,151,000151 0000151,3465 Bel Air Mall,AL,36606,
American Eagle Outfitters,Rochester,152,000152 0000152,#313 Apache Mall,MN,55902,
American Eagle Outfitters,Grand Forks,153,000153 0000153,2800 Columbia Road,ND,58201,
American Eagle Outfitters,Bangor,154,000154 0000154,663 Stillwater Avenue,ME,4401,
American Eagle Outfitters,West Dundee,155,000155 0000155,1322 Spring Hill Mall,IL,60118,
American Eagle Outfitters,Joliet,157,000157 0000157,3340 Mall Loop Drive,IL,60431,
American Eagle Outfitters,South Burlington,158,000158 0000158,155 Dorset Street,VT,5403,
American Eagle Outfitters,Scranton,160,000160 0000160,Viewmont Mall,PA,18508,
American Eagle Outfitters,Hurst,161,000161 0000161,1101 Melbourne Road,TX,76053,
American Eagle Outfitters,Albuquerque,162,000162 0000162,10000 Coors By Pass NW,NM,87114,
American Eagle Outfitters,Cedar Rapids,163,000163 0000163,4444 First Avenue NE,IA,52402,
American Eagle Outfitters,OK City,164,000164 0000164,2501 W. Memorial Road,OK,73134,
American Eagle Outfitters,Dothan,165,000165 0000165,900 Common Drive,AL,36303,
American Eagle Outfitters,Jackson,166,000166 0000166,1782 West Michigan Avenue,MI,49202,
American Eagle Outfitters,Wilmington,167,000167 0000167,3500 Oleander Drive,NC,28403,
American Eagle Outfitters,Woodlands,168,000168 0000168,1201 Lake Woodlands Drive,TX,77380,
American Eagle Outfitters,Lynchburg,169,000169 0000169,3405 Chandlers Mtn. Road,VA,24502,
American Eagle Outfitters,Kingston,171,000171 0000171,101 Independence Mall Way,MA,2364,
American Eagle Outfitters,Salisbury,172,000172 0000172,2300 North Salisbury Blvd,MD,21801,
American Eagle Outfitters,Rapid City,173,000173 0000173,2200 North Maple,SD,57701,
American Eagle Outfitters,Columbus,174,000174 0000174,3131 Manchester Expway,GA,31909,
American Eagle Outfitters,Dover,175,000175 0000175,1365 North Dupont Highway,DE,19901,
American Eagle Outfitters,Morgantown,176,000176 0000176,9303 Mall Road,WV,26501,
American Eagle Outfitters,Taylor,177,000177 0000177,2300 Eureka Road,MI,48180,
American Eagle Outfitters,St. Petersburg,178,000178 0000178,6826 Tyrone Square,FL,33710,
American Eagle Outfitters,Erie,180,000180 0000180,120 Millcreek Mall,PA,16565,
American Eagle Outfitters,Springfield,181,000181 0000181,2501 West Wabash Avenue,IL,62704,
American Eagle Outfitters,Overland Park,182,000182 0000182,11549 West 95th Street,KS,66214,
American Eagle Outfitters,Akron,184,000184 0000184,3265 West Market Street,OH,44333,
American Eagle Outfitters,Rocky Mount,185,000185 0000185,1100 N. Wesleyan Blvd,NC,27804,
American Eagle Outfitters,Rockaway,186,000186 0000186,301 Mount Hope Avenue,NJ,7866,
American Eagle Outfitters,Vancouver,187,000187 0000187,8700 NE Vancouver Mall Dr,WA,98662,
American Eagle Outfitters,San Antonio,188,000188 0000188,6301 NW Loop 410,TX,78238,
American Eagle Outfitters,Hagerstown,189,000189 0000189,17301 Valley Mall Road,MD,21740,
American Eagle Outfitters,Greenwood,190,000190 0000190,1251 US 31 North,IN,46142,
American Eagle Outfitters,Camp Hill,191,000191 0000191,3522 Capitol Mall Drive,PA,17011,
American Eagle Outfitters,Frederick,192,000192 0000192,5500 Buckeyestown Pike,MD,21701,
American Eagle Outfitters,Gainesville,193,000193 0000193,6347 West Newberry Road,FL,32605,
American Eagle Outfitters,Hattiesburg,194,000194 0000194,1000 Turtle Creek Drive,MS,39402,
American Eagle Outfitters,Florence,195,000195 0000195,301 Cox Creek Parkway,AL,35630,
American Eagle Outfitters,Minot,197,000197 0000197,2400 Tenth Street SW,ND,58701,
American Eagle Outfitters,St Cloud,198,000198 0000198,4101 West Division St,MN,56301,
American Eagle Outfitters,Topeka,200,000200 0000200,1801 South W.Wanamaker Rd,KS,66604,
American Eagle Outfitters,Brandon,201,000201 0000201,582 Brandon Towne Center Mall,FL,33511,
American Eagle Outfitters,Mentor,203,000203 0000203,7850 Mentor Avenue,OH,44060,
American Eagle Outfitters,Cedar Park,204,000204 0000204,11200 Lakeline Mall Dr,TX,78613,
American Eagle Outfitters,Hoover,205,000205 0000205,2000-268 Riverchase Galleria,AL,35244,
American Eagle Outfitters,Sanford,206,000206 0000206,165 Towne Center Circle,FL,32771,
American Eagle Outfitters,Lafayette,208,000208 0000208,2415 Sagamore Pwky,IN,47905,
American Eagle Outfitters,Mankato,209,000209 0000209,1850 Adams Street,MN,56001,
American Eagle Outfitters,Harrisonburg,210,000210 0000210,1925 E. Market Street,VA,22801,
American Eagle Outfitters,Amarillo,211,000211 0000211,7701 West Interstate 40,TX,79121,
American Eagle Outfitters,Manhattan,212,000212 0000212,100 Manhattan Town Centre,KS,66502,
American Eagle Outfitters,Newington,213,000213 0000213,50 Fox Run Road,NH,3801,
American Eagle Outfitters,Saratoga Springs,214,000214 0000214,3065 Route 50,NY,12866,
American Eagle Outfitters,Fairview Heights,217,000217 0000217,212 Saint Clair Drive,IL,62208,
American Eagle Outfitters,Joplin,218,000218 0000218,101 Range Line Drive,MO,64801,
American Eagle Outfitters,Atlanta,219,000219 0000219,4400 Ashford-Dunwoody Road,GA,30346,
American Eagle Outfitters,Baltimore,220,000220 0000220,8200 Perry Hall Boulevard,MD,21236,
American Eagle Outfitters,Altamonte Springs,221,000221 0000221,451 E. Altamonte Avenue,FL,32701,
American Eagle Outfitters,Sioux City,223,000223 0000223,4400 Sergeant Road,IA,51106,
American Eagle Outfitters,Wichita,224,000224 0000224,4600 West Kellogg,KS,67209,
American Eagle Outfitters,Lincoln,225,000225 0000225,300 Gateway Shopping Centre,NE,68505,
American Eagle Outfitters,Buffalo,226,000226 0000226,3701 McKinley Pkwy,NY,14219,
American Eagle Outfitters,Columbia,227,000227 0000227,2300 Bernadette Drive,MO,65203,
American Eagle Outfitters,La crosse,228,000228 0000228,3800 State Road 16,WI,54601,
American Eagle Outfitters,Lubbock,229,000229 0000229,6002 Slide Road Box 68407,TX,79414,
American Eagle Outfitters,Wausau,231,000231 0000231,A112 Wausau Center,WI,54403,
American Eagle Outfitters,Wilkes Barre,232,000232 0000232,47 Wyoming Valley Mall,PA,18702,
American Eagle Outfitters,Jacksonville,233,000233 0000233,336 Jacksonville Mall,NC,28546,
American Eagle Outfitters,Vienna,234,000234 0000234,255 Grand Central Mall,WV,26101,
American Eagle Outfitters,Monaca,235,000235 0000235,518 Beaver Valley Mall,PA,15061,
American Eagle Outfitters,Fort Gratiot,236,000236 0000236,4350 24th Avenue,MI,48059,
American Eagle Outfitters,Strongsville,237,000237 0000237,240 Southpark Centre,OH,44136,
American Eagle Outfitters,Tuscaloosa,238,000238 0000238,1701 McFarland Boulevard East,AL,35404,
American Eagle Outfitters,St. Clairsville,239,000239 0000239,67800 Mall Road,OH,43950,
American Eagle Outfitters,Jackson,240,000240 0000240,2021 North Highland Avenue,TN,38305,
American Eagle Outfitters,Midland,241,000241 0000241,6800 Eastman Avenue,MI,48642,
American Eagle Outfitters,Memphis,242,000242 0000242,2760 N. Germantown Parkway,TN,38133,
American Eagle Outfitters,Panama City,243,000243 0000243,2150 Cove Boulevard,FL,32405,
American Eagle Outfitters,Albuquerque,246,000246 0000246,6600 Menual Blvd. NE,NM,87110,
American Eagle Outfitters,Wayne,249,000249 0000249,2025 Willowbrook Mall,NJ,7470,
American Eagle Outfitters,Bethesda,250,000250 0000250,7101 Democracy Boulevard,MD,20817,
American Eagle Outfitters,Altoona,251,000251 0000251,RR 220 & Goods Lane,PA,16602,
American Eagle Outfitters,Florence,252,000252 0000252,2701 David McLeod Blvd,SC,29501,
American Eagle Outfitters,Glen Allen,253,000253 0000253,10101 Brook Road,VA,23059,
American Eagle Outfitters,Independence,254,000254 0000254,1148 Independence Center Drive,MO,64057,
American Eagle Outfitters,Marlborough,256,000256 0000256,601 Donald Lynch Boulevard,MA,1752,
American Eagle Outfitters,Waldorf,257,000257 0000257,11110 Mall Circle,MD,20603,
American Eagle Outfitters,Springfield,258,000258 0000258,2825 South Glenstone,MO,65804,
American Eagle Outfitters,Lancaster,260,000260 0000260,1635 River Valley Circle South,OH,43130,
American Eagle Outfitters,Ashland,261,000261 0000261,500 Winchester Avenue,KY,41101,
American Eagle Outfitters,Morrow,262,000262 0000262,2450 Southlake Mall,GA,30260,
American Eagle Outfitters,Spartanburg,263,000263 0000263,205 West Blackstock Road,SC,29301,
American Eagle Outfitters,St. Peters,264,000264 0000264,1012 Mid Rivers Mall,MO,63376,
American Eagle Outfitters,Biloxi,265,000265 0000265,2600 Beach Boulevard,MS,39531,
American Eagle Outfitters,Lombard,266,000266 0000266,158 Yorktown Mall,IL,60148,
American Eagle Outfitters,Roseville,267,000267 0000267,32347 Gratiot Road,MI,48066,
American Eagle Outfitters,Bridgeport,268,000268 0000268,2460 Meadowbrook Mall,WV,26330,
American Eagle Outfitters,Clarksville,269,000269 0000269,2801 Wilma Rudolph Blvd,TN,37040,
American Eagle Outfitters,Paducah,270,000270 0000270,5101 Hinkleville Road,KY,42001,
American Eagle Outfitters,Johnson City,271,000271 0000271,2011 North Roan Street,TN,37601,
American Eagle Outfitters,Albany,275,000275 0000275,2601 Dawson Road,GA,31707,
American Eagle Outfitters,Winchester,276,000276 0000276,1850 Apple Blossom Drive,VA,22601,
American Eagle Outfitters,Fayetteville,277,000277 0000277,4201 North Shiloh Drive,AR,72703,
American Eagle Outfitters,Meridan,278,000278 0000278,1470 Bonita Lakes Circle,MS,39301,
American Eagle Outfitters,Bossier City,279,000279 0000279,2950 East Texas Street,LA,71111,
American Eagle Outfitters,Duluth,280,000280 0000280,1600 Miller Trunk Highway,MN,55811,
American Eagle Outfitters,Butler,281,000281 0000281,1521 North Main Street Ext.,PA,16001,
American Eagle Outfitters,Valdosta,282,000282 0000282,1700Norman Drive,GA,31601,
American Eagle Outfitters,Rome,283,000283 0000283,516 Mt. Berry Square,GA,30165,
American Eagle Outfitters,Deptford,285,000285 0000285,1750 Deptford Center Rd,NJ,8096,
American Eagle Outfitters,Farmington,287,000287 0000287,427 Westfarms,CT,6032,
American Eagle Outfitters,Dubuque,288,000288 0000288,555 John F. Kennedy Road,IA,52002,
American Eagle Outfitters,Bloomington,289,000289 0000289,3034 E. Third Street,IN,47401,
American Eagle Outfitters,North Charleston,290,000290 0000290,2150 Northwood Boulevard,SC,29406,
American Eagle Outfitters,Eau Claire,291,000291 0000291,4800 Golf Road,WI,54701,
American Eagle Outfitters,Waterbury,293,000293 0000293,495 Union Street,CT,6702,
American Eagle Outfitters,Baton Rouge,294,000294 0000294,6401 Blue Bonnet Blvd,LA,70836,
American Eagle Outfitters,Middletown,295,000295 0000295,1 North Galleria Drive,NY,10941,
American Eagle Outfitters,Muncie,296,000296 0000296,3401 Granville Avenue,IN,47303,
American Eagle Outfitters,Ithaca,298,000298 0000298,40 Catherwood Road,NY,14850,
American Eagle Outfitters,New Hartford,299,000299 0000299,Rts 5 and 5A,NY,13413,
American Eagle Outfitters,Findlay,300,000300 0000300,1800 Tiffin Avenue,OH,45840,
American Eagle Outfitters,Bluefield,301,000301 0000301,Rt 25 and US Rt 460,WV,24701,
American Eagle Outfitters,York,302,000302 0000302,2899 Whiteford Rd,PA,17402,
American Eagle Outfitters,Eatontown,304,000304 0000304,State Highway 35 and 36 North,NJ,7724,
American Eagle Outfitters,Cranberry Twp.,305,000305 0000305,20111 Route 19,PA,16066,
American Eagle Outfitters,Coralville,306,000306 0000306,1451 Coral Ridge Avenue,IA,52241,
American Eagle Outfitters,Goldsboro,307,000307 0000307,611 F Berkeley Boulevard,NC,27534,
American Eagle Outfitters,Janesville,308,000308 0000308,2500 Milton Avenue,WI,53545,
American Eagle Outfitters,Bloomington,309,000309 0000309,248 N. Garden,MN,55425,
American Eagle Outfitters,Houston,310,000310 0000310,1234 Willowbrook Mall,TX,77070,
American Eagle Outfitters,McLean,311,000311 0000311,7912 Tysons Corner Center,VA,22102,
American Eagle Outfitters,Cape Girardeau,312,000312 0000312,3049 William St,MO,63703,
American Eagle Outfitters,Fredericksburg,314,000314 0000314,175 Spotsylvania Mall,VA,22407,
American Eagle Outfitters,Lake Charles,315,000315 0000315,598 N. Prien Lake Road,LA,70601,
American Eagle Outfitters,Sarasota,317,000317 0000317,8201 South Tamiami Trail,FL,34238,
American Eagle Outfitters,St. Louis,320,000320 0000320,2063 Saint Louis Galleria,MO,63117,
American Eagle Outfitters,Kenner,322,000322 0000322,1401 W. Esplanade Boulevard,LA,70065,
American Eagle Outfitters,Concord,323,000323 0000323,270 Loudon Road,NH,3301,
American Eagle Outfitters,Greenville,325,000325 0000325,714 SE Greenville Boulevard,NC,27858,
American Eagle Outfitters,Gadsden,326,000326 0000326,1001 Rainbow Drive,AL,35901,
American Eagle Outfitters,Tampa,327,000327 0000327,8084 Citrus Park Town Center Mall,FL,33625,
American Eagle Outfitters,Willow Grove,328,000328 0000328,2500 Moreland Road,PA,19090,
American Eagle Outfitters,Selinsgrove,329,000329 0000329,1 Susquehanna Valley,PA,17870,
American Eagle Outfitters,Pottstown,330,000330 0000330,Rt 724 and 100 Bypass,PA,19465,
American Eagle Outfitters,Manassas,331,000331 0000331,8300 Sudley Road,VA,20109,
American Eagle Outfitters,Beaumont,332,000332 0000332,6155 Eastex Freeway,TX,77706,
American Eagle Outfitters,Tacoma,334,000334 0000334,4502 S. Steele Street,WA,98409,
American Eagle Outfitters,Decatur,335,000335 0000335,1801 Beltline Road SW,AL,35601,
American Eagle Outfitters,Metairie,338,000338 0000338,3301 Veterans Memoral,LA,70002,
American Eagle Outfitters,State College,339,000339 0000339,2900 East College Avenue,PA,16801,
American Eagle Outfitters,Christiansburg,340,000340 0000340,744 New River Road,VA,24073,
American Eagle Outfitters,Mesquite,342,000342 0000342,2063 Town East Blvd,TX,75150,
American Eagle Outfitters,Hicksville,343,000343 0000343,882 Broadway Mall,NY,11801,
American Eagle Outfitters,Bay Shore,344,000344 0000344,1701 Sunrise Highway,NY,11706,
American Eagle Outfitters,Humble,345,000345 0000345,20131 Highway 59,TX,77338,
American Eagle Outfitters,Auburn,346,000346 0000346,385 Southbridge Street,MA,1501,
American Eagle Outfitters,Concord,347,000347 0000347,1480 Concord Parkway N.,NC,28025,
American Eagle Outfitters,Saugus,349,000349 0000349,Route 1 South,MA,1906,
American Eagle Outfitters,Pennsdale,350,000350 0000350,300 Lycoming Mall Circle,PA,17756,
American Eagle Outfitters,Lima,353,000353 0000353,2400 Elida Road,OH,45805,
American Eagle Outfitters,Athens,354,000354 0000354,3700 Atlanta Highway,GA,30606,
American Eagle Outfitters,Auburn,355,000355 0000355,1627 Opelika Road,AL,36830,
American Eagle Outfitters,Plymouth Meeting,360,000360 0000360,500 West Germanton Pike,PA,19462,
American Eagle Outfitters,Stamford,361,000361 0000361,100 Greyrock Place,CT,6901,
American Eagle Outfitters,Beachwood,362,000362 0000362,26300 Cedar Road,OH,44122,
American Eagle Outfitters,Norfolk,363,000363 0000363,300 Monticello Avenue,VA,23510,
American Eagle Outfitters,Provo,365,000365 0000365,1200 Towne Centre Boulevard,UT,84601,
American Eagle Outfitters,Boise,366,000366 0000366,350 Milwaukee,ID,83704,
American Eagle Outfitters,Fort Smith,367,000367 0000367,5111 Rodgers Avenue,AR,72903,
American Eagle Outfitters,Lakeland,368,000368 0000368,3800 US Highway 98 North,FL,33809,
American Eagle Outfitters,Ocala,369,000369 0000369,3100 College Road,FL,34474,
American Eagle Outfitters,Clearwater,370,000370 0000370,27001 US Highway 19 North,FL,33761,
American Eagle Outfitters,Bensalem,371,000371 0000371,630 Neshaminy Mall,PA,19020,
American Eagle Outfitters,Silverdale,372,000372 0000372,10315 Silverdale Way NW,WA,98383,
American Eagle Outfitters,Providence,373,000373 0000373,192 Providence Place Mall,RI,2903,
American Eagle Outfitters,Paramus,374,000374 0000374,1 Garden State Plaza,NJ,7652,
American Eagle Outfitters,Oxford,375,000375 0000375,700 Quintard Drive,AL,36203,
American Eagle Outfitters,Braintree,377,000377 0000377,250 Granite Street,MA,2184,
American Eagle Outfitters,Natick,378,000378 0000378,1245 Worcester Street,MA,1760,
American Eagle Outfitters,St. Paul,380,000380 0000380,3001 White Bear Avenue,MN,55109,
American Eagle Outfitters,Sandusky,383,000383 0000383,4314 Milan Road,OH,44870,
American Eagle Outfitters,St. Louis,384,000384 0000384,322 S County Center Way,MO,63129,
American Eagle Outfitters,Richmond,385,000385 0000385,3801 National Road East,IN,47374,
American Eagle Outfitters,Milford,386,000386 0000386,1201 Boston Post Road,CT,6460,
American Eagle Outfitters,Bellingham,387,000387 0000387,1 Bellis Fair Parkway,WA,98226,
American Eagle Outfitters,Vineland,388,000388 0000388,3849 S. Delsea Drive,NJ,8360,
American Eagle Outfitters,Federal Way,389,000389 0000389,1920A S. Commons,WA,98003,
American Eagle Outfitters,Dulles,390,000390 0000390,21100 Dulles Town Circle,VA,20166,
American Eagle Outfitters,Staten Island,391,000391 0000391,2655 Richmond Avenue,NY,10314,
American Eagle Outfitters,Towson,392,000392 0000392,825 Dulaney Valley Road,MD,21204,
American Eagle Outfitters,Douglasville,393,000393 0000393,6700 Douglas Boulevard,GA,30135,
American Eagle Outfitters,Lone Tree,394,000394 0000394,8405 Park Meadows Center Drive,CO,80124,
American Eagle Outfitters,Peabody,395,000395 0000395,210 Andover Street,MA,1960,
American Eagle Outfitters,Hyannis,396,000396 0000396,769 Iyannough Road,MA,2601,
American Eagle Outfitters,Gastonia,397,000397 0000397,246 N. New Hope Road,NC,28054,
American Eagle Outfitters,Spokane Valley,399,000399 0000399,14700 East Indiana,WA,99216,
American Eagle Outfitters,Spokane,401,000401 0000401,4750 North Division Street,WA,99207,
American Eagle Outfitters,Puyallup,403,000403 0000403,3500 South Meridian,WA,98373,
American Eagle Outfitters,Tulsa,404,000404 0000404,4107 Yale Avenue South,OK,74135,
American Eagle Outfitters,Cary,405,000405 0000405,1105 Walnut Street,NC,27511,
American Eagle Outfitters,Friendswood,406,000406 0000406,1136 Baybrook Mall,TX,77546,
American Eagle Outfitters,Harrisburg,408,000408 0000408,4600 Jonestown Road,PA,17109,
American Eagle Outfitters,Orlando,409,000409 0000409,8001 S. Orange Blossom Trail,FL,32809,
American Eagle Outfitters,Grand Island,410,000410 0000410,3404 West 13th Street,NE,68803,
American Eagle Outfitters,Ft. Worth,411,000411 0000411,1908 Green Oaks Road,TX,76116,
American Eagle Outfitters,San Francisco,412,000412 0000412,865 Market Street,CA,94103,
American Eagle Outfitters,Lynnwood,413,000413 0000413,3000 184th Street SW,WA,98037,
American Eagle Outfitters,Zanesville,415,000415 0000415,3575 Maple Avenue,OH,43701,
American Eagle Outfitters,Eugene,417,000417 0000417,254 Valley River,OR,97401,
American Eagle Outfitters,Johnstown,418,000418 0000418,500 Galleria Drive,PA,15904,
American Eagle Outfitters,Chambersburg,420,000420 0000420,908 Chambersburg Mall,PA,17201,
American Eagle Outfitters,Henderson,421,000421 0000421,1300 West Sunset Road,NV,89014,
American Eagle Outfitters,Forsyth,422,000422 0000422,1375 Hickory Point Mall,IL,62535,
American Eagle Outfitters,Citrus Heights,423,000423 0000423,SUNRISE MALL 00423,CA,95610,
American Eagle Outfitters,Medford,424,000424 0000424,1600 N. Riverside,OR,97501,
American Eagle Outfitters,Portland,425,000425 0000425,12000 SE 82 Avenue,OR,97086,
American Eagle Outfitters,Sandy,427,000427 0000427,10450 South State Street,UT,84070,
American Eagle Outfitters,Leominster,428,000428 0000428,100 Commercial Road,MA,1453,
American Eagle Outfitters,Buford,429,000429 0000429,3333 Buford Drive,GA,30519,
American Eagle Outfitters,North Dartmouth,430,000430 0000430,106 North Dartmouth Mall,MA,2747,
American Eagle Outfitters,Fargo,431,000431 0000431,3902 13th Avenue SW,ND,58103,
American Eagle Outfitters,Waco,432,000432 0000432,6001 W. Waco Drive,TX,76710,
American Eagle Outfitters,Mount Hope,434,000434 0000434,37 Crossroads Mall,WV,25880,
American Eagle Outfitters,INpolis,436,000436 0000436,49 West Maryland Street,IN,46204,
American Eagle Outfitters,Lafayette,437,000437 0000437,5725 Johnston Street,LA,70503,
American Eagle Outfitters,North Olmsted,438,000438 0000438,550 Great Northern Mall,OH,44070,
American Eagle Outfitters,Green Bay,441,000441 0000441,900 Bay Park Square,WI,54304,
American Eagle Outfitters,Longview,442,000442 0000442,3500 McCann Road,TX,75605,
American Eagle Outfitters,Newark,444,000444 0000444,541 Christiana Mall,DE,19702,
American Eagle Outfitters,Mason City,445,000445 0000445,100 S. Federal Way,IA,50401,
American Eagle Outfitters,WA,446,000446 0000446,1500 W. Chestnut Street,PA,15301,
American Eagle Outfitters,Yorktown Heights,448,000448 0000448,650 Lee Boulevard,NY,10598,
American Eagle Outfitters,Westland,449,000449 0000449,35000 W. Warren,MI,48185,
American Eagle Outfitters,Anderson,450,000450 0000450,3131 N. Main Street,SC,29621,
American Eagle Outfitters,Modesto,451,000451 0000451,3401 Dale Road,CA,95356,
American Eagle Outfitters,Bel Air,454,000454 0000454,610 Baltimore Pike,MD,21014,
American Eagle Outfitters,Louisville,458,000458 0000458,4801/C564 Outer Loop,KY,40219,
American Eagle Outfitters,Shreveport,459,000459 0000459,1133 St. Vincent Avenue,LA,71104,
American Eagle Outfitters,Heath,463,000463 0000463,771 S. 30th Street,OH,43056,
American Eagle Outfitters,Phoenix,465,000465 0000465,4550-254 East Cactus Road,AZ,85032,
American Eagle Outfitters,Tucson,466,000466 0000466,5870 E. Broadway Boulevard,AZ,85711,
American Eagle Outfitters,Tucson,468,000468 0000468,4500N. Oracle Road,AZ,85705,
American Eagle Outfitters,Olympia,469,000469 0000469,625 Black Lake Boulevard,WA,98502,
American Eagle Outfitters,Tyler,470,000470 0000470,4601 S. Broadway,TX,75703,
American Eagle Outfitters,West Nyack,471,000471 0000471,2700 Palisades Center Drive,NY,10994,
American Eagle Outfitters,Frisco,472,000472 0000472,2601 Preston Road,TX,75034,
American Eagle Outfitters,Layton,473,000473 0000473,2074 Layton Hills Mall,UT,84041,
American Eagle Outfitters,Deer Park,474,000474 0000474,20530 N. Rand Road,IL,60010,
American Eagle Outfitters,Santa Rosa,475,000475 0000475,2007 A Santa Rosa Plaza,CA,95401,
American Eagle Outfitters,Denton,476,000476 0000476,2201 S Interstate 35 E,TX,76205,
American Eagle Outfitters,Marietta,477,000477 0000477,4475 Roswell Road,GA,30062,
American Eagle Outfitters,Seattle,478,000478 0000478,610 SouthCenter Mall,WA,98188,
American Eagle Outfitters,Cincinnati,479,000479 0000479,4601 Eastgate Boulevard,OH,45245,
American Eagle Outfitters,Racine,480,000480 0000480,5622 Durand Avenue,WI,53406,
American Eagle Outfitters,IN,481,000481 0000481,2334 Oakland Avenue,PA,15701,
American Eagle Outfitters,Greenville,482,000482 0000482,700 Haywood Road,SC,29607,
American Eagle Outfitters,Concord,483,000483 0000483,450 Sunvalley Mall,CA,94520,
American Eagle Outfitters,Denver,484,000484 0000484,3000 E. First Street,CO,80206,
American Eagle Outfitters,Pleasanton,485,000485 0000485,1240 Stoneridge Mall Road,CA,94588,
American Eagle Outfitters,San Antonio,486,000486 0000486,7400 San Pedro,TX,78216,
American Eagle Outfitters,Murray,487,000487 0000487,6191 South State,UT,84107,
American Eagle Outfitters,Owensboro,489,000489 0000489,5000 Frederica Street,KY,42301,
American Eagle Outfitters,Broomfield,490,000490 0000490,1 West FlatIron Circle,CO,80021,
American Eagle Outfitters,Roseville,491,000491 0000491,1151 Galleria Boulevard,CA,95678,
American Eagle Outfitters,Mary Esther,493,000493 0000493,300 Mary Esther Boulevard,FL,32569,
American Eagle Outfitters,Lakewood,494,000494 0000494,318 East Fairmont,NY,14750,
American Eagle Outfitters,Livingston,496,000496 0000496,112 Eisenhower Parkway,NJ,7039,
American Eagle Outfitters,Abilene,497,000497 0000497,4310 Buffalo Gap Road,TX,79606,
American Eagle Outfitters,Edina,498,000498 0000498,2615 Southdale Center,MN,55435,
American Eagle Outfitters,Pittsburgh,499,000499 0000499,2390 Robinson Center Drive,PA,15205,
American Eagle Outfitters,Garden City,503,000503 0000503,630 Old Country Road,NY,11530,
American Eagle Outfitters,Dalton,504,000504 0000504,816 Walnut Square Blvd,GA,30721,
American Eagle Outfitters,Springfield,505,000505 0000505,1475 Upper Valley Mall,OH,45504,
American Eagle Outfitters,Texarkana,506,000506 0000506,2400 RICHMOND RD,TX,75503,
American Eagle Outfitters,Hermitage,507,000507 0000507,3321 E. State Street,PA,16148,
American Eagle Outfitters,Bismark,508,000508 0000508,652 Kirkwood,ND,58504,
American Eagle Outfitters,Sacramento,509,000509 0000509,1689 Arden Way,CA,95815,
American Eagle Outfitters,Monroe,512,000512 0000512,4700 Milhaven Road,LA,71203,
American Eagle Outfitters,Edison,513,000513 0000513,55 Parsonage Road,NJ,8837,
American Eagle Outfitters,San Antonio,514,000514 0000514,849 E. Commerce Street,TX,78205,
American Eagle Outfitters,Ft. Myers,515,000515 0000515,4125 Cleveland Avenue,FL,33901,
American Eagle Outfitters,Santa Clara,516,000516 0000516,2855 Stevens Creek Boulevard,CA,95050,
American Eagle Outfitters,Columbus,517,000517 0000517,1500 Polaris Parkway,OH,43240,
American Eagle Outfitters,Brockton,519,000519 0000519,200 Westgate Drive,MA,2301,
American Eagle Outfitters,Columbus,522,000522 0000522,4060 The Strand East,OH,43219,
American Eagle Outfitters,Lexington,523,000523 0000523,2312 Sir Barton Way,KY,40509,
American Eagle Outfitters,Schenectday,524,000524 0000524,93 West Campbell Road,NY,12306,
American Eagle Outfitters,Watertown,526,000526 0000526,21182 Salmon Run Mall Loop W,NY,13601,
American Eagle Outfitters,Lufkin,527,000527 0000527,4600 S. Medford Drive,TX,75901,
American Eagle Outfitters,Mandeville,528,000528 0000528,3414 US Highway 190,LA,70471,
American Eagle Outfitters,Elizabethtown,529,000529 0000529,1704 N. Dixie Highway,KY,42701,
American Eagle Outfitters,Kokomo,530,000530 0000530,1223 S. Reed Road,IN,46902,
American Eagle Outfitters,Easton,531,000531 0000531,128 Palmer Park Mall,PA,18045,
American Eagle Outfitters,Chubbuck,532,000532 0000532,4155 Yellowstone Highway,ID,83202,
American Eagle Outfitters,Kingston,533,000533 0000533,1300 Ulster Avenue,NY,12401,
American Eagle Outfitters,Wilmington,535,000535 0000535,4737 Concord Pike,DE,19803,
American Eagle Outfitters,Houma,536,000536 0000536,5953 W. Park Avenue,LA,70364,
American Eagle Outfitters,Orem,537,000537 0000537,575 East University Parkway,UT,84097,
American Eagle Outfitters,Cleveland,538,000538 0000538,200 Paul Huff Parkway NW,TN,37312,
American Eagle Outfitters,Danville,540,000540 0000540,325 Piedmont Drive,VA,24540,
American Eagle Outfitters,Springfield,541,000541 0000541,1655 Boston Road,MA,1129,
American Eagle Outfitters,Clarksville,542,000542 0000542,757 East Highway 131,IN,47129,
American Eagle Outfitters,Grand Junction,543,000543 0000543,2424 US Highway 6 and 50,CO,81505,
American Eagle Outfitters,Newark,545,000545 0000545,1063 NewPark Mall,CA,94560,
American Eagle Outfitters,Billings,546,000546 0000546,300 S. 24th Street West,MT,59102,
American Eagle Outfitters,Portland,547,000547 0000547,1221 Lloyd Center,OR,97232,
American Eagle Outfitters,Cambridge,548,000548 0000548,100 CambridgeSide Galleria,MA,2141,
American Eagle Outfitters,Midland,549,000549 0000549,4511 N. Midkiff Drive,TX,79705,
American Eagle Outfitters,Centerville,550,000550 0000550,2922 Watson Boulevard,GA,31028,
American Eagle Outfitters,Cumberland,551,000551 0000551,1262 Vocke Road,MD,21502,
American Eagle Outfitters,Chico,552,000552 0000552,1950 E. 20th Street,CA,95928,
American Eagle Outfitters,ID Falls,553,000553 0000553,2300 E. 17th Street,ID,83404,
American Eagle Outfitters,South Portland,556,000556 0000556,364 Maine Mall Rd,ME,4106,
American Eagle Outfitters,Salem,558,000558 0000558,401 Center Street NE,OR,97301,
American Eagle Outfitters,Rock Hill,559,000559 0000559,2301 Dave Lyle Boulevard,SC,29730,
American Eagle Outfitters,Ft. Wayne,560,000560 0000560,4120 W. Jefferson Boulevard,IN,46804,
American Eagle Outfitters,Eden Prairie,561,000561 0000561,8251 Flying Cloud Drive,MN,55344,
American Eagle Outfitters,Lithonia,562,000562 0000562,8000 Mall Parkway,GA,30038,
American Eagle Outfitters,Dublin,564,000564 0000564,5043 Tuttle Crossing Boulevard,OH,43016,
American Eagle Outfitters,Morristown,565,000565 0000565,2550 E. Morris Boulevard,TN,37813,
American Eagle Outfitters,Muskegon,568,000568 0000568,5600 Harvey Street,MI,49444,
American Eagle Outfitters,Plano,569,000569 0000569,6121 West Park Boulevard,TX,75093,
American Eagle Outfitters,Wauwatosa,570,000570 0000570,2500 N. Mayfair Road,WI,53226,
American Eagle Outfitters,Tampa,571,000571 0000571,2223 N. West Shore Blvd.,FL,33607,
American Eagle Outfitters,Wellington,572,000572 0000572,10300 W. Forest Hill Blvd.,FL,33414,
American Eagle Outfitters,Irving,573,000573 0000573,3729 Irving Mall,TX,75062,
American Eagle Outfitters,Lawton,575,000575 0000575,60 Central Mall,OK,73501,
American Eagle Outfitters,Missoula,576,000576 0000576,2901 Brooks Street,MT,59801,
American Eagle Outfitters,Wichita Falls,577,000577 0000577,3111 Midwestern Parkway,TX,76308,
American Eagle Outfitters,Monroe,579,000579 0000579,2121 N. Monroe Street,MI,48162,
American Eagle Outfitters,Riverside,580,000580 0000580,2254 Galleria @ Tyler,CA,92503,
American Eagle Outfitters,Bakersfield,581,000581 0000581,2701 Ming Avenue,CA,93304,
American Eagle Outfitters,Carlsbad,583,000583 0000583,2525 El Camino Real,CA,92008,
American Eagle Outfitters,Visalia,585,000585 0000585,2131 S. Mooney Boulevard,CA,93277,
American Eagle Outfitters,Valencia,586,000586 0000586,24201 W. Valencia Blvd.,CA,91355,
American Eagle Outfitters,Louisville,587,000587 0000587,4150 Summit Plaza Drive,KY,40241,
American Eagle Outfitters,Bowie,588,000588 0000588,15601 Emerald Way,MD,20716,
American Eagle Outfitters,Melbourne,589,000589 0000589,1700 W. New Haven Avenue,FL,32904,
American Eagle Outfitters,Chattanooga,590,000590 0000590,207 Northgate Mall,TN,37415,
American Eagle Outfitters,KS City,591,000591 0000591,7112 N.W. 86th Terrace,MO,64153,
American Eagle Outfitters,Daytona Beach,592,000592 0000592,1700 International Speedway Boulevard,FL,32114,
American Eagle Outfitters,Costa Mesa,593,000593 0000593,3333 Bristol Street,CA,92626,
American Eagle Outfitters,San Diego,595,000595 0000595,326 Horton Plaza,CA,92101,
American Eagle Outfitters,Sugarland,596,000596 0000596,16535 Southwest Freeway,TX,77479,
American Eagle Outfitters,Chandler,598,000598 0000598,3111 W. Chandler Boulevard,AZ,85226,
American Eagle Outfitters,Alexandria,599,000599 0000599,3437 Masonic Drive,LA,71301,
American Eagle Outfitters,Grandville,604,000604 0000604,3700 Rivertown Parkway,MI,49418,
American Eagle Outfitters,El Paso,606,000606 0000606,8401 Gateway Blvd. West,TX,79925,
American Eagle Outfitters,Montclair,608,000608 0000608,2062 E Montclair Plaza,CA,91763,
American Eagle Outfitters,Hanover,612,000612 0000612,1155 Carlisle Street,PA,17331,
American Eagle Outfitters,Bartlesville,613,000613 0000613,2350 SE Washington Blvd,OK,74006,
American Eagle Outfitters,Redding,614,000614 0000614,900 Dana Drive,CA,96003,
American Eagle Outfitters,Brownsville,616,000616 0000616,2370 N. Expressway,TX,78526,
American Eagle Outfitters,San Angelo,619,000619 0000619,4001 Southwest Blvd.,TX,76904,
American Eagle Outfitters,Killeen,620,000620 0000620,2100 South W.S. Young Drive,TX,76543,
American Eagle Outfitters,Queensbury,621,000621 0000621,578 Aviation Road,NY,12804,
American Eagle Outfitters,Plattsburg,622,000622 0000622,60 Smithfield Blvd,NY,12901,
American Eagle Outfitters,Hot Springs,623,000623 0000623,4501 Central Avenue,AR,71913,
American Eagle Outfitters,Kingsport,624,000624 0000624,2101 Fort Henry Drive,TN,37664,
American Eagle Outfitters,Corpus Christi,625,000625 0000625,5488 S.P.I.D.,TX,78411,
American Eagle Outfitters,Durham,627,000627 0000627,6910 Fayetteville Road,NC,27713,
American Eagle Outfitters,Scottsdale,628,000628 0000628,7014-2300 E. Camelback Road,AZ,85251,
American Eagle Outfitters,Atlanta,629,000629 0000629,3393 Peachtree Road NE,GA,30326,
American Eagle Outfitters,Cherry Hill,631,000631 0000631,2000 Route 38,NJ,8002,
American Eagle Outfitters,Oakbrook,632,000632 0000632,63 Oak Brook Center,IL,60523,
American Eagle Outfitters,Laredo,633,000633 0000633,5300 San Dario,TX,78041,
American Eagle Outfitters,St. Joseph,635,000635 0000635,3702 Fredrick Boulevard,MO,64506,
American Eagle Outfitters,Warwick,636,000636 0000636,400 Bald Hill Road,RI,2886,
American Eagle Outfitters,Escondido,637,000637 0000637,200 E. Via Rancho Parkway,CA,92025,
American Eagle Outfitters,Des Peres,638,000638 0000638,148 West County Center,MO,63131,
American Eagle Outfitters,Montgomery,640,000640 0000640,6844 EastChase Parkway,AL,36117,
American Eagle Outfitters,Raleigh,641,000641 0000641,5959 Triangle Town Blvd.,NC,27616,
American Eagle Outfitters,Huntsville,642,000642 0000642,2801 Memorial Parkway South,AL,35801,
American Eagle Outfitters,Orange Park,643,000643 0000643,1910 Wells Road,FL,32073,
American Eagle Outfitters,Rochester Hills,644,000644 0000644,212 N. Adams Road,MI,48309,
American Eagle Outfitters,Dallas,645,000645 0000645,8687 N. Central Expway,TX,75225,
American Eagle Outfitters,Leawood,646,000646 0000646,5223 West 117th Street,KS,66211,
American Eagle Outfitters,Richmond,647,000647 0000647,11800 West Broad Street,VA,23233,
American Eagle Outfitters,Temecula,648,000648 0000648,40820 Winchester Road,CA,92591,
American Eagle Outfitters,Santa Barbara,649,000649 0000649,707 Paseo Nuevo,CA,93101,
American Eagle Outfitters,Orlando,660,000660 0000660,4200 Conroy Road,FL,32839,
American Eagle Outfitters,Dallas,662,000662 0000662,13350 Dallas Parkway,TX,75240,
American Eagle Outfitters,Flowood,663,000663 0000663,118 Dogwood Place,MS,39232,
American Eagle Outfitters,East Lansing,664,000664 0000664,3007 Preyde Boulevard,MI,48912,
American Eagle Outfitters,Geneva,666,000666 0000666,426 Commons Drive,IL,60134,
American Eagle Outfitters,Whitehall,667,000667 0000667,150 Lehigh Valley Mall,PA,18052,
American Eagle Outfitters,Cheyenne,669,000669 0000669,1400 Del Range Boulevard,WY,82009,
American Eagle Outfitters,Smithfield,670,000670 0000670,450 Smithfield Crossing,RI,2917,
American Eagle Outfitters,Las Cruces,671,000671 0000671,700 S. Telshore Boulevard,NM,88011,
American Eagle Outfitters,Fresno,672,000672 0000672,699 E. Shaw,CA,93710,
American Eagle Outfitters,Hingham,673,000673 0000673,94 Derby Street,MA,2043,
American Eagle Outfitters,Northridge,674,000674 0000674,9301 Tampa Avenue,CA,91324,
American Eagle Outfitters,Gurnee,675,000675 0000675,6170 West Grand AVenue,IL,60031,
American Eagle Outfitters,Boston,676,000676 0000676,200 State Street,MA,2109,
American Eagle Outfitters,Houston,677,000677 0000677,377 Memorial City Way,TX,77024,
American Eagle Outfitters,Canoga Park,678,000678 0000678,6600 Topanga Canyon Boulevard,CA,91303,
American Eagle Outfitters,Clifton Park,679,000679 0000679,22 Clifton Country Road,NY,12065,
American Eagle Outfitters,Coral Springs,680,000680 0000680,9183 W. Atlantic Boulevard,FL,33071,
American Eagle Outfitters,Santa Ana,681,000681 0000681,2800 N. Main Street,CA,92705,
American Eagle Outfitters,Boynton Beach,682,000682 0000682,801 N. Congress Avenue,FL,33426,
American Eagle Outfitters,Glendale,683,000683 0000683,2182 Glendale Galleria,CA,91210,
American Eagle Outfitters,McAllen,684,000684 0000684,2200 South 10th Street,TX,78503,
American Eagle Outfitters,Lakewood,685,000685 0000685,14500 W. Colfax,CO,80401,
American Eagle Outfitters,Phoenix,686,000686 0000686,21001 N. Tatum Boulevard,AZ,85050,
American Eagle Outfitters,Jefferson City,687,000687 0000687,3600 Country Club Drive,MO,65109,
American Eagle Outfitters,Boca Raton,688,000688 0000688,6000 Glades Road,FL,33431,
American Eagle Outfitters,Naples,689,000689 0000689,1814 9th Street North,FL,34102,
American Eagle Outfitters,Novi,702,000702 0000702,27332 Novi Road,MI,48377,
American Eagle Outfitters,Monroeville,705,000705 0000705,200 Mall Circle Drive,PA,15146,
American Eagle Outfitters,Gaithersburg,706,000706 0000706,701 Russell Avenue,MD,20877,
American Eagle Outfitters,West Mifflin,709,000709 0000709,3075 Clairton Road,PA,15123,
American Eagle Outfitters,Holyoke,711,000711 0000711,50 Holyoke Street,MA,1040,
American Eagle Outfitters,Flint,712,000712 0000712,3379 S Linden Rd,MI,48507,
American Eagle Outfitters,Grand Rapids,713,000713 0000713,"3195 28th Street, Southeast",MI,49512,
American Eagle Outfitters,Woodbridge,716,000716 0000716,119 Woodbridge Center Dr.,NJ,7095,
American Eagle Outfitters,Fort Wayne,721,000721 0000721,4201 Coldwater Road #L-6,IN,46805,
American Eagle Outfitters,Toledo,722,000722 0000722,5001 Monroe Street,OH,43623,
American Eagle Outfitters,Bethel Park,723,000723 0000723,150 South Hills Village,PA,15241,
American Eagle Outfitters,Ann Arbor,725,000725 0000725,842 Briarwood Circle,MI,48108,
American Eagle Outfitters,Cincinnati,727,000727 0000727,11700 Princeton Pike,OH,45246,
American Eagle Outfitters,Merrillville,728,000728 0000728,1965 Southlake Mall,IN,46410,
American Eagle Outfitters,Schaumburg,729,000729 0000729,F-117 Woodfield Mall,IL,60173,
American Eagle Outfitters,Greendale,730,000730 0000730,5300 South 76th Street,WI,53129,
American Eagle Outfitters,Vernon Hills,737,000737 0000737,811 Hawthorn Center,IL,60061,
American Eagle Outfitters,Charleston,738,000738 0000738,2095 Charleston Town Ctr.,WV,25389,
American Eagle Outfitters,Champaign,739,000739 0000739,2000 N Neil St,IL,61820,
American Eagle Outfitters,Youngstown,740,000740 0000740,7401 Market Street,OH,44512,
American Eagle Outfitters,Albany,741,000741 0000741,441 Colonie Center,NY,12205,
American Eagle Outfitters,Albany,742,000742 0000742,120 Washington Ave. Ext.,NY,12203,
American Eagle Outfitters,Fairfax,744,000744 0000744,11718L Fair Oaks,VA,22033,
American Eagle Outfitters,Lake Grove,745,000745 0000745,558 Smith Haven Mall,NY,11755,
American Eagle Outfitters,Manchester,746,000746 0000746,1500 S. Willow Street,NH,3103,
American Eagle Outfitters,Barboursville,747,000747 0000747,404 Huntington Mall,WV,25504,
American Eagle Outfitters,Okemos,748,000748 0000748,1982 W Grand River Ave,MI,48864,
American Eagle Outfitters,Aurora,749,000749 0000749,2313 Fox Valley Center,IL,60504,
American Eagle Outfitters,Waterford,752,000752 0000752,850 Hartford Tpke,CT,6385,
American Eagle Outfitters,Roanoke,754,000754 0000754,4802 Valley View Blvd NW,VA,24012,
American Eagle Outfitters,Saginaw,755,000755 0000755,4891 Fashion Square Mall,MI,48604,
American Eagle Outfitters,Niles,756,000756 0000756,5555 Youngstown Warren Road,OH,44446,
American Eagle Outfitters,Orland Park,759,000759 0000759,714 Orland Square Dr,IL,60462,
American Eagle Outfitters,Dayton,760,000760 0000760,2700 Miamisburg Centerville Road,OH,45459,
American Eagle Outfitters,Knoxville,763,000763 0000763,3001 Knoxville Center Drive,TN,37924,
American Eagle Outfitters,Canton,767,000767 0000767,4344 Belden Mall NW,OH,44718,
American Eagle Outfitters,Louisville,768,000768 0000768,7900 Shelbyville Rd,KY,40222,
American Eagle Outfitters,Johnson City,771,000771 0000771,223 Reynolds Road,NY,13790,
American Eagle Outfitters,Danbury,774,000774 0000774,7 Backus Avenue,CT,6810,
American Eagle Outfitters,VA Beach,776,000776 0000776,701 Lynnhaven Pky,VA,23452,
American Eagle Outfitters,Raleigh,779,000779 0000779,4325 Glenwood Avenue,NC,27612,
American Eagle Outfitters,Nashua,781,000781 0000781,310 Daniel Webster Hwy S,NH,3060,
American Eagle Outfitters,Pittsburgh,782,000782 0000782,1000 Ross Park Mall Dr,PA,15237,
American Eagle Outfitters,Chicago Ridge,785,000785 0000785,620 Chicago Ridge Mall,IL,60415,
American Eagle Outfitters,Rochester,788,000788 0000788,731 Miracle Mile Drive,NY,14623,
American Eagle Outfitters,Littleton,790,000790 0000790,8501 W. Bowles Avenue,CO,80123,
American Eagle Outfitters,Winston-Salem,794,000794 0000794,3320 Silas Creek Pkwy,NC,27103,
American Eagle Outfitters,Trumbull,797,000797 0000797,5065 Main Street,CT,6611,
American Eagle Outfitters,Mays Landing,798,000798 0000798,4403 Black Horse Pike,NJ,8330,
American Eagle Outfitters,Madison,799,000799 0000799,33 E Towne Mall,WI,53704,
American Eagle Outfitters,Kennesaw,802,000802 0000802,400 Ernest West Barrett Pky,GA,30144,
American Eagle Outfitters,Chattanooga,803,000803 0000803,2100 Hamilton Place Boulevard,TN,37421,
American Eagle Outfitters,Springfield,804,000804 0000804,1250 Baltimore Pike,PA,19064,
American Eagle Outfitters,Chesterfield,806,000806 0000806,65 Chesterfield Mall,MO,63017,
American Eagle Outfitters,North Wales,807,000807 0000807,124 Montgomery Mall,PA,19454,
American Eagle Outfitters,Bridgewater,810,000810 0000810,400 Commons Way,NJ,8807,
American Eagle Outfitters,Poughkeepsie,813,000813 0000813,790 South Road,NY,12601,
American Eagle Outfitters,Duluth,814,000814 0000814,2100 Pleasant Hill Road,GA,30096,
American Eagle Outfitters,Atlanta,815,000815 0000815,1317 Cumberland Mall NW,GA,30339,
American Eagle Outfitters,INpolis,816,000816 0000816,6020 E. 82nd Street,IN,46250,
American Eagle Outfitters,Lancaster,818,000818 0000818,163 Park City Ctr,PA,17601,
American Eagle Outfitters,Brookfield,820,000820 0000820,95 N Moorland Rd,WI,53005,
American Eagle Outfitters,Cincinnati,821,000821 0000821,7875 Montgomery Road,OH,45236,
American Eagle Outfitters,Colonial Heights,825,000825 0000825,218 Southpark Circle,VA,23834,
American Eagle Outfitters,Amherst,826,000826 0000826,1235 Niagara Falls Blvd.,NY,14226,
American Eagle Outfitters,Richmond,827,000827 0000827,11500 Midlothian Turnpike,VA,23235,
American Eagle Outfitters,Goodlettsville,828,000828 0000828,1000 Rivergate Parkway,TN,37072,
American Eagle Outfitters,Burlington,830,000830 0000830,49 Church Street,VT,5401,
American Eagle Outfitters,Lanesborough,833,000833 0000833,655 Cheshire Road,MA,1237,
American Eagle Outfitters,Memphis,834,000834 0000834,4465 Poplar Avenue,TN,38117,
American Eagle Outfitters,Clay,835,000835 0000835,4081 Route 31,NY,13041,
American Eagle Outfitters,Davenport,836,000836 0000836,320 W. Kimberyl Road,IA,52806,
American Eagle Outfitters,Langhorne,839,000839 0000839,2300 East Lincoln Highway,PA,19047,
American Eagle Outfitters,Savannah,840,000840 0000840,7804 Abercorn Street,GA,31406,
American Eagle Outfitters,OK City,841,000841 0000841,1901 Northwest Expressway,OK,73118,
American Eagle Outfitters,Asheville,842,000842 0000842,3 South Tunnel Road,NC,28805,
American Eagle Outfitters,Roseville,843,000843 0000843,200 Rosedale,MN,55113,
American Eagle Outfitters,Tulsa,846,000846 0000846,7021 South Memorial Drive,OK,74133,
American Eagle Outfitters,Buffalo,850,000850 0000850,One Walden Galleria,NY,14225,
American Eagle Outfitters,Little Rock,852,000852 0000852,6000 West Markham Street,AR,72205,
American Eagle Outfitters,Williamsville,853,000853 0000853,4545 Transit Road,NY,14221,
American Eagle Outfitters,Evansville,854,000854 0000854,800 North Green River Road,IN,47715,
American Eagle Outfitters,Mishawaka,855,000855 0000855,6501 Grape Road,IN,46545,
American Eagle Outfitters,Chesapeake,856,000856 0000856,4200 Portsmouth Boulevard,VA,23321,
American Eagle Outfitters,Sioux Falls,857,000857 0000857,600 Empire Mall,SD,57106,
American Eagle Outfitters,Ridgeland,858,000858 0000858,1200 East County Line Road,MS,39157,
American Eagle Outfitters,North Attleboro,859,000859 0000859,999 South Washington Street,MA,2760,
American Eagle Outfitters,Charlottesville,862,000862 0000862,1618 Rio Road,VA,22901,
American Eagle Outfitters,Manchester,863,000863 0000863,194 Buckland Hills Drive,CT,6040,
American Eagle Outfitters,Exton,866,000866 0000866,300 Exton Square Parkway,PA,19341,
American Eagle Outfitters,Syracuse,871,000871 0000871,9505 Carousel Center,NY,13290,
American Eagle Outfitters,West Des Moines,872,000872 0000872,1551 Valley West Drive,IA,50265,
American Eagle Outfitters,Fayetteville,873,000873 0000873,434 Cross Creek Mall,NC,28303,
American Eagle Outfitters,Ames,874,000874 0000874,2801 Grand Mall,IA,50010,
American Eagle Outfitters,Salem,876,000876 0000876,99 Rockingham Park Boulevard,NH,3079,
American Eagle Outfitters,Traverse City,877,000877 0000877,3200 S. Airport Road W.,MI,49684,
American Eagle Outfitters,Augusta,878,000878 0000878,3450 Wrightsboro Road,GA,30909,
American Eagle Outfitters,Lexington,879,000879 0000879,3473 Nicholasville Road,KY,40503,
American Eagle Outfitters,Portage,880,000880 0000880,6650 South Westnedge,MI,49024,
American Eagle Outfitters,Terre Haute,882,000882 0000882,3401 SOUTH US HIGHWAY 41,IN,47802,
American Eagle Outfitters,Appleton,883,000883 0000883,4301 W. Wisconsin Avenue,WI,54913,
American Eagle Outfitters,Omaha,884,000884 0000884,3001 South 144th Street,NE,68144,
American Eagle Outfitters,Alpharetta,885,000885 0000885,2030 Northpoint Mall,GA,30022,
American Eagle Outfitters,Lawrenceville,886,000886 0000886,261 Quakerbridge Mall,NJ,8648,
American Eagle Outfitters,Omaha,888,000888 0000888,10000 California Street,NE,68114,
American Eagle Outfitters,Greensboro,889,000889 0000889,410 Four Seasons Town Ctr,NC,27407,
American Eagle Outfitters,Sterling Heights,890,000890 0000890,1570 Lakeside Circle,MI,48313,
American Eagle Outfitters,Beavercreek,891,000891 0000891,2727 Fairfield Commons,OH,45431,
American Eagle Outfitters,Tallahassee,892,000892 0000892,1500 Appalachee Parkway,FL,32301,
American Eagle Outfitters,Madison,893,000893 0000893,57 West Towne Mall,WI,53719,
American Eagle Outfitters,Bloomington,894,000894 0000894,120 S. Avenue,MN,55425,
American Eagle Outfitters,Carbondale,895,000895 0000895,1237 East Main Street,IL,62901,
American Eagle Outfitters,Taunton,896,000896 0000896,2 Galleria Mall Drive,MA,2780,
American Eagle Outfitters,Ottawa,906,000906 0000906,100 Bayshore Drive,ON,K2B 8C1,
American Eagle Outfitters,Regina,908,000908 0000908,2102 11th Avenue,SK,S4P 3Y6,
American Eagle Outfitters,Sarnia,909,000909 0000909,1380 London Road,ON,N7S 1P8,
American Eagle Outfitters,Surrey,910,000910 0000910,2577 Guilford Town Centre,BC,V3R 7C1,
American Eagle Outfitters,Kelowna,915,000915 0000915,2271 Harvey Avenue,BC,V1Y 6H2,
American Eagle Outfitters,Kingston,917,000917 0000917,945 Gardiners Road,ON,K7M 7H4,
American Eagle Outfitters,Ottawa,928,000928 0000928,50 Rideau Street,ON,K1N 9J7,
American Eagle Outfitters,Ottawa,930,000930 0000930,2121 Carling Avenue,ON,K2A 1H2,
American Eagle Outfitters,Winnipeg,938,000938 0000938,1225 St. Marys Road,MB,R2M 5E5,
American Eagle Outfitters,Orleans,939,000939 0000939,100 Place d'Orleans Drive,ON,K1C 2L9,
American Eagle Outfitters,St. Catharines,946,000946 0000946,221 Glendale Avenue,ON,L2T 2K9,
American Eagle Outfitters,Windsor,947,000947 0000947,3100 Howard Avenue,ON,N8X 3Y8,
American Eagle Outfitters,Langley,948,000948 0000948,19705 Fraser Highway,BC,V3A 7E9,
American Eagle Outfitters,Fredericton,955,000955 0000955,1381 Regent Street,NB,E3C 1A2,
American Eagle Outfitters,Victoria,958,000958 0000958,3147 Douglas Street,BC,V8Z 6E3,
American Eagle Outfitters,Winnipeg,961,000961 0000961,1485 Portage Avenue,MB,R3G 0W4,
American Eagle Outfitters,Thunder Bay,962,000962 0000962,1000 Fort William Road,ON,P7B 6B9,
American Eagle Outfitters,Pointe Claire,1003,0001003 00001003,6815 Trans Canada Highway,QC,H9R 1C4,
American Eagle Outfitters,Abbotsford,1006,0001006 00001006,32900 S. Fraser Way,BC,V2S 5A1,
American Eagle Outfitters,LETHBRIDGE,1008,0001008 00001008,501 - 1st Street South,AB,T1J 4L9,
American Eagle Outfitters,Brossard,1012,0001012 00001012,9315 Boul. Leduc,QC,J4Y 0A5,
American Eagle Outfitters,QC City,1019,0001019 00001019,2700 Boulevard Laurier,QC,XXXXX,
American Eagle Outfitters,Coquitlam,1021,0001021 00001021,2929 Barnet Highway,BC,V3B 5R5,
American Eagle Outfitters,Ottawa,1024,0001024 00001024,1200 St. Laurent Boulevard,ON,XXXXX,
American Eagle Outfitters,Pointe-Claire,1502,0001502 00001502,6801 Trans Canada Highway,QC,H9R 5J2,
American Eagle Outfitters,Ottawa,1513,0001513 00001513,100 Bayshore Drive,ON,K2B 8C1,
American Eagle Outfitters,Victoria,1515,0001515 00001515,3147 Douglas Street,BC,V8Z 6E3,
American Eagle Outfitters,St. Catharines,1520,0001520 00001520,221 Glendale Avenue,ON,L2T 2K9,
American Eagle Outfitters,Elmhurst,2000,0002000 00002000,90-15 Queens Boulevard,NY,11373,
American Eagle Outfitters,Fond Du Lac,2001,0002001 00002001,835 W. Johnson Street,WI,54935,
American Eagle Outfitters,Asheboro,2002,0002002 00002002,1437 East Dixie Drive,NC,27203,
American Eagle Outfitters,Tulsa,2003,0002003 00002003,1876 Utica Square,OK,74114,
American Eagle Outfitters,Shawnee,2004,0002004 00002004,4901 N. Kickapoo Street,OK,74804,
American Eagle Outfitters,Montebello,2005,0002005 00002005,1763 Montebello Town Center,CA,90640,
American Eagle Outfitters,Dearborn,2007,0002007 00002007,18900 Michigan Avenue,MI,48126,
American Eagle Outfitters,Auburn Hills,2008,0002008 00002008,4202 Baldwin Road,MI,48326,
American Eagle Outfitters,Miami,2009,0002009 00002009,11401 N. W. 12th Street,FL,33172,
American Eagle Outfitters,Honolulu,2010,0002010 00002010,1450 Ala Moana Boulevard,HI,96814,
American Eagle Outfitters,Kahului,2011,0002011 00002011,275 W. Kaahumanu Avenue,HI,96732,
American Eagle Outfitters,Aiea,2012,0002012 00002012,98-1005 Moanalua Road,HI,96701,
American Eagle Outfitters,Hilo,2013,0002013 00002013,111 East Puainako Street,HI,96720,
American Eagle Outfitters,Marietta,2015,0002015 00002015,3625 Dallas Highway SW,GA,30064,
American Eagle Outfitters,Myrtle Beach,2016,0002016 00002016,2000 Coastal Grand Circle,SC,29577,
American Eagle Outfitters,El Centro,2017,0002017 00002017,3451 South Dogwood Avenue,CA,92243,
American Eagle Outfitters,Union Gap,2018,0002018 00002018,2529 Main Street,WA,98903,
American Eagle Outfitters,Yuba City,2019,0002019 00002019,1165 V Colusa Avenue,CA,95991,
American Eagle Outfitters,San Antonio,2020,0002020 00002020,11745 IH-10 West,TX,78230,
American Eagle Outfitters,Grapevine,2021,0002021 00002021,3000 Grapevine Mills Parkway,TX,76051,
American Eagle Outfitters,Nashville,2022,0002022 00002022,421 Opry Mills Drive,TN,37214,
American Eagle Outfitters,ON,2023,0002023 00002023,1 Mills Circle,CA,91764,
American Eagle Outfitters,Tempe,2024,0002024 00002024,5000 South Arizona Mills Circle,AZ,85282,
American Eagle Outfitters,King of Prussia,2025,0002025 00002025,160 N. Gulph Road,PA,19406,
American Eagle Outfitters,Milpitas,2026,0002026 00002026,454 Great Mall Drive,CA,95035,
American Eagle Outfitters,Grove City,2027,0002027 00002027,1191 Leesburg Road,PA,16127,
American Eagle Outfitters,Reno,2028,0002028 00002028,5275 Meadowood Mall Circle,NV,89502,
American Eagle Outfitters,Charlotte,2029,0002029 00002029,6801 Northlake Mall Drive,NC,28216,
American Eagle Outfitters,West Des Moines,2030,0002030 00002030,101 Jordan Creek Parkway,IA,50266,
American Eagle Outfitters,Hillsboro,2031,0002031 00002031,2265 N.W. Allie Avenue,OR,97124,
American Eagle Outfitters,Uniontown,2032,0002032 00002032,1338 Mall Run Road,PA,15401,
American Eagle Outfitters,Katy,2033,0002033 00002033,5000 Katy Mills Circle,TX,77494,
American Eagle Outfitters,Hadley,2034,0002034 00002034,367 Russell Street,MA,1035,
American Eagle Outfitters,Kennewick,2035,0002035 00002035,1321 N. Columbia Ctr Blvd,WA,99336,
American Eagle Outfitters,Burlington,2036,0002036 00002036,75 Middlesex Turnpike,MA,1803,
American Eagle Outfitters,Yuma,2037,0002037 00002037,1327 South Yuma Palms Parkway,AZ,85364,
American Eagle Outfitters,Hazelwood,2038,0002038 00002038,5555 St. Louis Mills Boulevard,MO,63042,
American Eagle Outfitters,Hanover,2039,0002039 00002039,7000 Arundel Mills Circle,MD,21076,
American Eagle Outfitters,San Juan,2040,0002040 00002040,525 F D Roosevelt Avenue,PR,918,
American Eagle Outfitters,Spanish Fort,2041,0002041 00002041,30500 State Highway 181,AL,36527,
American Eagle Outfitters,Jensen Beach,2043,0002043 00002043,3398A NW Federal Highway,FL,34957,
American Eagle Outfitters,Adrian,2044,0002044 00002044,1357 S. Main Street,MI,49221,
American Eagle Outfitters,Bend,2045,0002045 00002045,610 SW Powerhouse Drive,OR,97702,
American Eagle Outfitters,Maryville,2046,0002046 00002046,158 Foothills Mall,TN,37801,
American Eagle Outfitters,Plantation,2048,0002048 00002048,8000 W. Broward Boulevard,FL,33388,
American Eagle Outfitters,Mesa,2049,0002049 00002049,1445 W. Southern Avenue,AZ,85202,
American Eagle Outfitters,Brea,2052,0002052 00002052,1006A Brea Mall,CA,92821,
American Eagle Outfitters,Arcadia,2053,0002053 00002053,400 South Baldwin Avenue,CA,91007,
American Eagle Outfitters,Gettysburg,2054,0002054 00002054,1863 Gettysburg Drive,PA,17325,
American Eagle Outfitters,Algonquin,2055,0002055 00002055,1908 Randall Road,IL,60102,
American Eagle Outfitters,Tigard,2056,0002056 00002056,9767 SW Washington Square Road,OR,97223,
American Eagle Outfitters,Collierville,2057,0002057 00002057,4650 Merchants Park Circle,TN,38017,
American Eagle Outfitters,Center Valley,2058,0002058 00002058,2845 Center Valley Parkway,PA,18034,
American Eagle Outfitters,Elizabeth,2060,0002060 00002060,651 Kapkowski Road,NJ,7201,
American Eagle Outfitters,Logan,2061,0002061 00002061,1300 North Main Street,UT,84341,
American Eagle Outfitters,Woodbury,2062,0002062 00002062,9000 Hudson Road,MN,55125,
American Eagle Outfitters,Primm,2063,0002063 00002063,32100 Las Vegas Blvd. South,NV,89019,
American Eagle Outfitters,Orange,2064,0002064 00002064,20 City Drive West,CA,92868,
American Eagle Outfitters,Atlantic City,2067,0002067 00002067,113 N. Michigan Avenue,NJ,8401,
American Eagle Outfitters,Chicago,2068,0002068 00002068,1000 West North Avenue,IL,60622,
American Eagle Outfitters,San Antonio,2070,0002070 00002070,16401 LaCantera Parkway,TX,78256,
American Eagle Outfitters,NY,2071,0002071 00002071,40 West 34th Street,NY,10001,
American Eagle Outfitters,Charlotte,2072,0002072 00002072,4400 Sharon Road,NC,28211,
American Eagle Outfitters,Casper,2073,0002073 00002073,601 SE Wyoming Boulevard,WY,82609,
American Eagle Outfitters,Birch Run,2074,0002074 00002074,12140 South Beyer Road,MI,48415,
American Eagle Outfitters,Prince William,2075,0002075 00002075,2700 Potomac Mills Circle,VA,22192,
American Eagle Outfitters,Concord,2076,0002076 00002076,8111 Concord Mills Boulevard,NC,28027,
American Eagle Outfitters,Anchorage,2077,0002077 00002077,320 W. 5th Avenue,AK,99501,
American Eagle Outfitters,Augusta,2080,0002080 00002080,2 Stephen King Drive,ME,4330,
American Eagle Outfitters,Loveland,2082,0002082 00002082,5879 Sky Pond Drive,CO,80538,
American Eagle Outfitters,Jeffersonville,2083,0002083 00002083,8365 Factory Shops Boulevard,OH,43128,
American Eagle Outfitters,Lee,2084,0002084 00002084,150 Premium Outlets Boulevard,MA,1238,
American Eagle Outfitters,Palm Beach Gardens,2085,0002085 00002085,3101 PGA Boulevard,FL,33410,
American Eagle Outfitters,San Marcos,2086,0002086 00002086,4015 Interstate 35 South,TX,78666,
American Eagle Outfitters,Omaha,2087,0002087 00002087,17304 Davenport Street,NE,68118,
American Eagle Outfitters,Carmel,2088,0002088 00002088,14511 Clay Terrace Boulevard,IN,46032,
American Eagle Outfitters,Brooklyn,2089,0002089 00002089,5249 Kings Plaza,NY,11234,
American Eagle Outfitters,WA,2090,0002090 00002090,2200 Tanger Blvd,PA,15301,
American Eagle Outfitters,Hollywood,2091,0002091 00002091,6801 Hollywood Boulevard,CA,90028,
American Eagle Outfitters,Ponce,2092,0002092 00002092,2050 Ponce By-Pass,PR,716,
American Eagle Outfitters,Arlington,2093,0002093 00002093,1100 S. Hayes Street,VA,22202,
American Eagle Outfitters,Glendale,2094,0002094 00002094,7700 W. Arrowhead Towne Center,AZ,85308,
American Eagle Outfitters,Ellenton,2095,0002095 00002095,5281 Factory Shops Blvd.,FL,34222,
American Eagle Outfitters,San Diego,2096,0002096 00002096,4211 Camino De La Plaza,CA,92173,
American Eagle Outfitters,Seattle,2097,0002097 00002097,1420 Fifth Avenue,WA,98101,
American Eagle Outfitters,Tarentum,2098,0002098 00002098,428 Pittsburgh Mills Circle,PA,15084,
American Eagle Outfitters,Jersey City,2099,0002099 00002099,30 Mall Drive West,NJ,7310,
American Eagle Outfitters,Garland,2100,0002100 00002100,350 Cedar Sage Drive,TX,75040,
American Eagle Outfitters,San Mateo,2105,0002105 00002105,448 Hillsdale Shopping Center,CA,94403,
American Eagle Outfitters,Stillwater,2108,0002108 00002108,709 N. Perkins Road,OK,74074,
American Eagle Outfitters,Jacksonville,2109,0002109 00002109,10281 Midtown Parkway,FL,32246,
American Eagle Outfitters,Southaven,2110,0002110 00002110,6580 Towne Center Loop,MS,38671,
American Eagle Outfitters,Sunrise,2112,0002112 00002112,12801 West Sunrise Blvd.,FL,33323,
American Eagle Outfitters,Pittsburgh,2114,0002114 00002114,2655 East Carson Street,PA,15203,
American Eagle Outfitters,Fairbanks,2115,0002115 00002115,32 College Road,AK,99701,
American Eagle Outfitters,Troy,2116,0002116 00002116,2800 W. Big Beaver Road,MI,48084,
American Eagle Outfitters,KS City,2118,0002118 00002118,306 West 47th Street,MO,64112,
American Eagle Outfitters,North Miami Beach,2119,0002119 00002119,19575 Biscayne Road,FL,33180,
American Eagle Outfitters,Aurora,2120,0002120 00002120,6150 South Main Street,CO,80016,
American Eagle Outfitters,NY City,2121,0002121 00002121,19 Union Square West,NY,10003,
American Eagle Outfitters,Cerritos,2122,0002122 00002122,239 Los Cerritos Mall,CA,90703,
American Eagle Outfitters,Wheaton,2124,0002124 00002124,11160 Veirs Mill Road,MD,20902,
American Eagle Outfitters,Bellevue,2125,0002125 00002125,1065 Bellevue Square,WA,98004,
American Eagle Outfitters,Birmingham,2127,0002127 00002127,5030 Pinnacle Square,AL,35235,
American Eagle Outfitters,Rogers,2128,0002128 00002128,2203 Promenade Blvd,AR,72758,
American Eagle Outfitters,Estero,2129,0002129 00002129,23141 Fashion Drive,FL,33928,
American Eagle Outfitters,San Antonio,2130,0002130 00002130,2310 SW Military Drive,TX,78224,
American Eagle Outfitters,Jonesboro,2131,0002131 00002131,3000 E. Highland Drive,AR,72401,
American Eagle Outfitters,MAUMEE,2133,0002133 00002133,3100 Main Street,OH,43537,
American Eagle Outfitters,Glendale,2134,0002134 00002134,5785 North Bayshore Drive,WI,53217,
American Eagle Outfitters,Scarsdale,2135,0002135 00002135,680 White Plains Road,NY,10583,
American Eagle Outfitters,Peachtree City,2137,0002137 00002137,204 City Circle,GA,30269,
American Eagle Outfitters,Millbury,2138,0002138 00002138,70 Worcester Providence Turnpike,MA,1527,
American Eagle Outfitters,Orlando,2139,0002139 00002139,555 N. Alafaya Trail,FL,32828,
American Eagle Outfitters,Kissimmee,2140,0002140 00002140,3262 N John Young Pkwy,FL,34741,
American Eagle Outfitters,Brighton,2141,0002141 00002141,9630 Village Place Blvd,MI,48116,
American Eagle Outfitters,Plainfield,2142,0002142 00002142,2499 Futura Parkway,IN,46168,
American Eagle Outfitters,Rehoboth Beach,2143,0002143 00002143,36445 Seaside Outlet Drive,DE,19971,
American Eagle Outfitters,KS City,2145,0002145 00002145,1803 Village West Parkway,KS,66111,
American Eagle Outfitters,Las Vegas,2146,0002146 00002146,6611 S. Las Vegas Blvd.,NV,89119,
American Eagle Outfitters,Park City,2147,0002147 00002147,6699 North Landmark Drive,UT,84098,
American Eagle Outfitters,Wesley Chapel,2150,0002150 00002150,"28211 Paseo Dr, Unit 110",FL,33544,
American Eagle Outfitters,Cedar Hill,2152,0002152 00002152,305 West FM 1382,tx,75104,
American Eagle Outfitters,Bolingbrook,2153,0002153 00002153,627 East Boughton Road,IL,60440,
American Eagle Outfitters,Baraboo,2154,0002154 00002154,120 Gasser Road,WI,53913,
American Eagle Outfitters,Columbia,2155,0002155 00002155,486-1 Town Center Place,SC,29229,
American Eagle Outfitters,Snellville,2156,0002156 00002156,1350 Scenic Highway,GA,30078,
American Eagle Outfitters,Knoxville,2157,0002157 00002157,11363 Parkside Drive,TN,37934,
American Eagle Outfitters,Yonkers,2158,0002158 00002158,1 Mall Walk,NY,10704,
American Eagle Outfitters,Riverhead,2160,0002160 00002160,1404 Tanger Mall Drive,NY,11901,
American Eagle Outfitters,Branson,2163,0002163 00002163,300 Tanger Blvd.,MO,65616,
American Eagle Outfitters,Anchorage,2165,0002165 00002165,800 E. Dimond Blvd.,AK,99515,
American Eagle Outfitters,GILBERT,2166,0002166 00002166,2196 E Williamsfield Road,AZ,85296,
American Eagle Outfitters,East Brunswick,2168,0002168 00002168,755 Route 18,NJ,8816,
American Eagle Outfitters,Ventura,2169,0002169 00002169,3301 East Main St.,CA,93003,
American Eagle Outfitters,Bayside,2172,0002172 00002172,212 - 51/53/55 26th Ave,NY,11360,
American Eagle Outfitters,Beavercreek,2173,0002173 00002173,4449 Glengarry Drive,OH,45440,
American Eagle Outfitters,Foley,2174,0002174 00002174,2601 S. McKenzie St.,AL,36535,
American Eagle Outfitters,Burbank,2175,0002175 00002175,201 E. Magnolia Blvd.,CA,91502,
American Eagle Outfitters,Baton Rouge,2176,0002176 00002176,7445 Corporate Blvd.,LA,70809,
American Eagle Outfitters,Skokie,2180,0002180 00002180,4999 Old Orchard Center,IL,60077,
American Eagle Outfitters,Bridgehampton,2181,0002181 00002181,2044 Montauk Hwy,NY,11932,
American Eagle Outfitters,Chula Vista,2183,0002183 00002183,2015 BIRCH RD,CA,91913,
American Eagle Outfitters,Valley Stream,2185,0002185 00002185,1045 Green Acres Mall,NY,11581,
American Eagle Outfitters,Winter Garden,2188,0002188 00002188,3041 Daniels Road,FL,34787,
American Eagle Outfitters,Brentwood,2190,0002190 00002190,2535 Sand Creek Rd,CA,94513,
American Eagle Outfitters,Pearland,2191,0002191 00002191,11200 Broadway Street,TX,77584,
American Eagle Outfitters,Worcester,2192,0002192 00002192,7 Neponset Street,MA,1606,
American Eagle Outfitters,Chicago,2196,0002196 00002196,835 N. Michigan Ave.,IL,60611,
American Eagle Outfitters,Moosic,2199,0002199 00002199,2461 Shoppes Blvd.,PA,18507,
American Eagle Outfitters,Lancaster,2201,0002201 00002201,621 Stanley K Tanger Blvd,PA,17602,
American Eagle Outfitters,Williamsburg,2203,0002203 00002203,5625-210 Richmond Road,VA,23188,
American Eagle Outfitters,Cummings,2204,0002204 00002204,410 Peachtree Parkway,GA,30041,
American Eagle Outfitters,Murfreesboro,2206,0002206 00002206,2615 Medical Center Parkw,TN,37129,
American Eagle Outfitters,Austin,2207,0002207 00002207,11010 Domain Drive,TX,78758,
American Eagle Outfitters,Lincoln City,2212,0002212 00002212,1500 SE East Devils Lake Rd,OR,97367,
American Eagle Outfitters,MASSAPEQUA,2214,0002214 00002214,2100 Sunrise Mall,NY,11758,
American Eagle Outfitters,Marlton,2215,0002215 00002215,500 Route 73 South,NJ,8053,
American Eagle Outfitters,Canton,2216,0002216 00002216,110 Albany Turnpike,CT,6019,
American Eagle Outfitters,Coon Rapids,2219,0002219 00002219,12768 Riverdale Blvd NW,MN,55448,
American Eagle Outfitters,Panama City Beach,2220,0002220 00002220,200 Bluefish Dr,FL,32413,
American Eagle Outfitters,Macon,2222,0002222 00002222,5080 Riverside Dr,GA,31210,
American Eagle Outfitters,San Diego,2223,0002223 00002223,1640 Camino del Rio North,CA,92108,
American Eagle Outfitters,Carolina,2224,0002224 00002224,Villa Fontana,PR,983,
American Eagle Outfitters,Twin Falls,2227,0002227 00002227,1485 East Pole Line Road,ID,83301,
American Eagle Outfitters,Sevierville,2230,0002230 00002230,1645 Parkway,TN,37862,
American Eagle Outfitters,Noblesville,2231,0002231 00002231,13976 Town Center Bouleva,IN,46060,
American Eagle Outfitters,Bluffton,2232,0002232 00002232,1414 Fording Island Road,SC,29910,
American Eagle Outfitters,Gaffney,2234,0002234 00002234,505 Factory Shops Blvd.,SC,29341,
American Eagle Outfitters,Oceanside,2235,0002235 00002235,3509 Long Beach Road,NY,11572,
American Eagle Outfitters,Destin,2238,0002238 00002238,4107 Legendary Drive,FL,32541,
American Eagle Outfitters,Mansfield,2243,0002243 00002243,280 School Street,MA,2048,
American Eagle Outfitters,Newnan,2244,0002244 00002244,410 Newnan Crossing Byp,GA,30265,
American Eagle Outfitters,Thousand Oaks,2246,0002246 00002246,186 West Hillcrest Dr #46,CA,91360,
American Eagle Outfitters,Glendale,2247,0002247 00002247,6770 North Sunrise Boulev,AZ,85305,
American Eagle Outfitters,NY,2248,0002248 00002248,1551-1555 Broadway,NY,10036,
American Eagle Outfitters,Castle Rock,2251,0002251 00002251,5050 Factory Shops Boulev,CO,80108,
American Eagle Outfitters,Woodburn,2254,0002254 00002254,1001 Arney Rd,OR,97071,
American Eagle Outfitters,Bayamon,2255,0002255 00002255,725 West Main Ave,PR,961,
American Eagle Outfitters,Port Charlotte,2257,0002257 00002257,1441 Tamiami Trail,FL,33948,
American Eagle Outfitters,Gulfport,2258,0002258 00002258,10000 Factory Shops Blvd,MS,39503,
American Eagle Outfitters,Burlington,2259,0002259 00002259,1051 Piper Lane,NC,27215,
American Eagle Outfitters,Commerce,2260,0002260 00002260,800 Steven B Tanger Blvd,GA,30529,
American Eagle Outfitters,Myrtle Beach,2261,0002261 00002261,4634 Factory Stores Blvd,SC,29579,
American Eagle Outfitters,White Plains,2262,0002262 00002262,100 Main Street,NY,10601,
American Eagle Outfitters,Calexico,2265,0002265 00002265,620 2nd Street,CA,92231,
American Eagle Outfitters,Wrentham,2267,0002267 00002267,1048 South Street,MA,2093,
American Eagle Outfitters,Orlando,2268,0002268 00002268,8200 Vineland Ave,FL,32821,
American Eagle Outfitters,Cypress,2269,0002269 00002269,29300 Hempstead Road,TX,77433,
American Eagle Outfitters,Mercedes,2270,0002270 00002270,5001 East Expressway 83,TX,78570,
American Eagle Outfitters,Edinburgh,2271,0002271 00002271,3005 Outlet Drive,IN,46124,
American Eagle Outfitters,Kittery,2272,0002272 00002272,345 US Route 1,ME,3904,
American Eagle Outfitters,Central Valley,2273,0002273 00002273,974 Grapevine Court,NY,10917,
American Eagle Outfitters,NY,2274,0002274 00002274,599 Broadway,NY,10012,
American Eagle Outfitters,Boston,2275,0002275 00002275,100 Huntington Ave,MA,2116,
American Eagle Outfitters,Glendale,2276,0002276 00002276,867 Americana Way,CA,91204,
American Eagle Outfitters,Salt Lake City,2277,0002277 00002277,50 South Main Street,UT,84101,
American Eagle Outfitters,White Plains,2278,0002278 00002278,125 Westchester Ave,NY,10601,
American Eagle Outfitters,Culver City,2280,0002280 00002280,6000 Sepulveda Blvd,CA,90230,
American Eagle Outfitters,N. Charleston,2281,0002281 00002281,4840 Tanger Outlet Blvd,SC,29418,
American Eagle Outfitters,Allen,2282,0002282 00002282,820 West Stacy Road,TX,75013,
American Eagle Outfitters,Philadelphia,2283,0002283 00002283,1420 Franklin Mills Circle,PA,19154,
American Eagle Outfitters,Clinton,2285,0002285 00002285,20-A Killingworth Turnpik,CT,6413,
American Eagle Outfitters,Leesburg,2286,0002286 00002286,241 Fort Evans Road NE,VA,20176,
American Eagle Outfitters,North Conway,2287,0002287 00002287,2 Common Court,NH,3860,
American Eagle Outfitters,Pleasant Prairie,2288,0002288 00002288,11211 120th Ave,WI,53158,
American Eagle Outfitters,Locust Grove,2289,0002289 00002289,1000 Tanger Drive,GA,30248,
American Eagle Outfitters,Myrtle Beach,2290,0002290 00002290,10843 Kings Road,SC,29572,
American Eagle Outfitters,Destin,2291,0002291 00002291,10406 Emerald Coast Parkway West,FL,32550,
American Eagle Outfitters,Barceloneta,2292,0002292 00002292,1 Premium Outlets Bouleva,,617,
American Eagle Outfitters,Canutillo,2293,0002293 00002293,7051 S. Desert Blvd,TX,79835,
American Eagle Outfitters,TX City,2294,0002294 00002294,5885 Gulf Freeway,TX,77591,
American Eagle Outfitters,Grand Prairie,2295,0002295 00002295,2950 West Interstate 20,TX,75052,
American Eagle Outfitters,OK City,2296,0002296 00002296,7624 W. Reno Ave,OK,73127,
American Eagle Outfitters,Freeport,2297,0002297 00002297,35 Main Street,ME,4032,
American Eagle Outfitters,Tannersville,2298,0002298 00002298,1000 Premium Outlets Drive,PA,18372,
American Eagle Outfitters,Los Angeles,2299,0002299 00002299,100 Citadel Drive,CA,90040,
American Eagle Outfitters,Merrimack,2300,0002300 00002300,80 Premium Outlets Boulevard,NH,3054,
American Eagle Outfitters,Oxon Hill,2301,0002301 00002301,6800 Oxon Hill Road,MD,20745,
American Eagle Outfitters,Rosemont,2302,0002302 00002302,5220 Fashion Outlet Way,IL,60018,
American Eagle Outfitters,Livermore,2303,0002303 00002303,2750 Paragon Outlets Drive,CA,94551,
American Eagle Outfitters,Seattle,2304,0002304 00002304,10600 Quil Ceda Blvd,WA,98271,
American Eagle Outfitters,Gonzales,2305,0002305 00002305,2410 Tanger Boulevard,LA,70737,
American Eagle Outfitters,Glendale,2310,0002310 00002310,6800 N. 95 Ave.,AZ,85305,
American Eagle Outfitters,Pottstown,2312,0002312 00002312,18 West Lightcap Road,PA,19464,
American Eagle Outfitters,Lynnfield,2313,0002313 00002313,740 Market Street,MA,1940,
American Eagle Outfitters,Chesterfield,2314,0002314 00002314,17017 North Outer 40 Road,MO,63005,
American Eagle Outfitters,Ocean City,2316,0002316 00002316,12741 Ocean Gateway,MD,21842,
American Eagle Outfitters,Woodstock,2317,0002317 00002317,915 Ridgewalk Parkway,GA,30188,
American Eagle Outfitters,Howell,2318,0002318 00002318,1475 N. Burkhart Rd,MI,48855,
American Eagle Outfitters,Williamsburg,2319,0002319 00002319,234 Tanger Drive,AI,52361,
American Eagle Outfitters,Tuscola,2320,0002320 00002320,D8 Tuscola Boulevard,IL,61953,
American Eagle Outfitters,Pearl,2321,0002321 00002321,200 Bass Pro Drive,MS,39208,
American Eagle Outfitters,Gretna,2322,0002322 00002322,21359 Nebraska Crossing Drive,NE,68028,
American Eagle Outfitters,Miami Beach,2327,0002327 00002327,Lincoln Road,FL,33139,
American Eagle Outfitters,Estero,2328,0002328 00002328,10801 Corkscrew Rd,FL,33928,
American Eagle Outfitters,Leeds,2330,0002330 00002330,6200 Grand River Boulevard East,AL,35094,
American Eagle Outfitters,Burbank,2331,0002331 00002331,9911 Avon Lake Rd,OH,44214,
American Eagle Outfitters,Vacaville,2336,0002336 00002336,212 Nut Tree Road,CA,95687,
American Eagle Outfitters,Jackson,2337,0002337 00002337,537 Monmouth Rd,NJ,8527,
American Eagle Outfitters,Smithfield,2341,0002341 00002341,1025 Industrial Park Drive,NV,27577,
American Eagle Outfitters,Napa,2342,0002342 00002342,601 Factory Stores Drive,CA,94558,
American Eagle Outfitters,Round Rock,2343,0002343 00002343,4401 North IH 35,TX,78664,
American Eagle Outfitters,MI City,2345,0002345 00002345,803 Lighthouse Place,IN,46360,
American Eagle Outfitters,Hagerstown,2346,0002346 00002346,667 Premium Outlets Blvd,MD,21740,
American Eagle Outfitters,Waterloo,2347,0002347 00002347,655 State Route 318,NY,13165,
American Eagle Outfitters,Folsom,2348,0002348 00002348,13000 Folsom Blvd,CA,95630,
American Eagle Outfitters,Petaluma,2349,0002349 00002349,2200 Petaluma Blvd North,CA,94952,
American Eagle Outfitters,FL City,2351,0002351 00002351,250 East Palm Drive,FL,33034,
American Eagle Outfitters,Flemington,2352,0002352 00002352,One Church Street,NJ,8822,
American Eagle Outfitters,NY,2353,0002353 00002353,One Penn Plaza,NY,10001,
American Eagle Outfitters,Brooklyn,2354,0002354 00002354,442 Fulton Street,NY,11201,
American Eagle Outfitters,Seattle,2357,0002357 00002357,2643 NE 46th Street,WA,98105,
American Eagle Outfitters,Ft. Lauderdale,2358,0002358 00002358,2378 East Sunrise Boulevard,FL,33304,
American Eagle Outfitters,Lebanon,2360,0002360 00002360,One Outlet Village Boulevard,TN,37090,
American Eagle Outfitters,Downey,2367,0002367 00002367,350 Stonewood Street,CA,90241,
American Eagle Outfitters,Lehi,2371,0002371 00002371,3700 North Cabelas Blvd,UT,84043,
American Eagle Outfitters,Tuscon,2372,0002372 00002372,7401 N. La Cholla Blvd,AZ,85741,
American Eagle Outfitters,Orlando,2373,0002373 00002373,5265 International Drive,FL,32819,
American Eagle Outfitters,Bronx,2376,0002376 00002376,256 E Fordham Road,NY,10458,
American Eagle Outfitters,Northbrook,2378,0002378 00002378,1056 Northbrook Court,IL,60062,
American Eagle Outfitters,Santa Monica,2380,0002380 00002380,395 Santa Monica Place,CA,90401,
American Eagle Outfitters,Greenville,2700,0002700 00002700,700 Haywood Road,SC,29607,
American Eagle Outfitters,Schaumburg,2703,0002703 00002703,K-304 Woodfield Mall,IL,60173,
American Eagle Outfitters,Little Rock,2706,0002706 00002706,6000 West Markham Street,AR,72205,
American Eagle Outfitters,Charleston,2707,0002707 00002707,2091 Charleston Town Center,WV,25389,
American Eagle Outfitters,Exton,2708,0002708 00002708,354 Exton Square Parkway,PA,19341,
American Eagle Outfitters,Bethel Park,2709,0002709 00002709,301 South Hills Village,PA,15241,
American Eagle Outfitters,Paramus,2710,0002710 00002710,1 Garden State Plaza,NJ,7652,
American Eagle Outfitters,FARMINGTON,2711,0002711 00002711,55 Westfarms Mall,CT,6032,
American Eagle Outfitters,Rockaway,2713,0002713 00002713,301 Mount Hope Avenue,NJ,7866,
American Eagle Outfitters,Amherst,2715,0002715 00002715,1277 Niagara Falls Blvd.,NY,14226,
American Eagle Outfitters,Cherry Hill,2716,0002716 00002716,2000 Route 38,NJ,8002,
American Eagle Outfitters,Erie,2717,0002717 00002717,130 Mill Creek Mall,PA,16565,
American Eagle Outfitters,Appleton,2718,0002718 00002718,4301 W. Wisconsin Avenue,WI,54913,
American Eagle Outfitters,Johnson City,2719,0002719 00002719,2011 North Roan Street,TN,37601,
American Eagle Outfitters,Savannah,2720,0002720 00002720,7804 Abercorn Street,GA,31406,
American Eagle Outfitters,Raleigh,2721,0002721 00002721,4325 Glenwood Avenue,NC,27612,
American Eagle Outfitters,Bloomington,2722,0002722 00002722,200 East Broadway,MN,55425,
American Eagle Outfitters,Overland Park,2723,0002723 00002723,11519 WEST 95TH STREET,KS,66214,
American Eagle Outfitters,Portland,2724,0002724 00002724,12000 SE 82 Avenue,OR,97086,
American Eagle Outfitters,JACKSONVILLE,2726,0002726 00002726,4790 River City Drive,FL,32246,
American Eagle Outfitters,Augusta,2727,0002727 00002727,3450 Wrightsboro Road,GA,30909,
American Eagle Outfitters,Novi,2728,0002728 00002728,27662 Novi Road,MI,48377,
American Eagle Outfitters,Nashua,2729,0002729 00002729,310 Daniel Webster Hwy S,NH,3060,
American Eagle Outfitters,Buford,2730,0002730 00002730,3333 Buford Drive,GA,30519,
American Eagle Outfitters,Pineville,2731,0002731 00002731,11025 Carolina Place Pkwy,NC,28134,
American Eagle Outfitters,WICHITA,2734,0002734 00002734,7700 East Kellogg Dr.,KS,67207,
American Eagle Outfitters,Anchorage,2735,0002735 00002735,320 W. 5th Avenue,Ak,99501,
American Eagle Outfitters,Franklin,2736,0002736 00002736,1800 Galleria Blvd,TN,37064,
American Eagle Outfitters,Asheville,2737,0002737 00002737,3 South Tunnel Road,NC,28805,
American Eagle Outfitters,SALEM,2738,0002738 00002738,99 Rockingham Park Boulev,NH,3079,
American Eagle Outfitters,Sioux Falls,2739,0002739 00002739,4001 West 41st St,SD,57106,
American Eagle Outfitters,Lexington,2740,0002740 00002740,3615 Nicholasville Road,KY,40503,
American Eagle Outfitters,Roseville,2742,0002742 00002742,1151 Galleria Blvd,CA,95678,
American Eagle Outfitters,Duluth,2743,0002743 00002743,1600 Miller Trunk Highway,MN,55811,
American Eagle Outfitters,Holyoke,2745,0002745 00002745,50 Holyoke Street,MA,1040,
American Eagle Outfitters,SYRACUSE,2746,0002746 00002746,9505 Carousel Center,NY,13290,
American Eagle Outfitters,Buffalo,2747,0002747 00002747,One Walden Galleria,NY,14225,
American Eagle Outfitters,Seattle,2751,0002751 00002751,2656 Southcenter Mall,WA,98188,
American Eagle Outfitters,Freehold,2752,0002752 00002752,3710 Route 9,NJ,7728,
American Eagle Outfitters,Danbury,2753,0002753 00002753,7 Backus Avenue,CT,6810,
American Eagle Outfitters,Lake Grove,2754,0002754 00002754,512 Smith Haven Mall,NY,11755,
American Eagle Outfitters,Garden City,2755,0002755 00002755,630 Old Country Road,NY,11530,
American Eagle Outfitters,Pittsburgh,2756,0002756 00002756,540 South 27th Street,PA,15203,
American Eagle Outfitters,Waterford,2757,0002757 00002757,850 Hartford Tpke,CT,6385,
American Eagle Outfitters,Columbia,2758,0002758 00002758,2300 Bernadette Drive,MO,65203,
American Eagle Outfitters,Omaha,2759,0002759 00002759,3001 South 144th Street,NE,68144,
American Eagle Outfitters,Barboursville,2763,0002763 00002763,500 Mall Road - Huntingto,WV,25504,
American Eagle Outfitters,Toldeo,2764,0002764 00002764,5001 Monroe Street,OH,43623,
American Eagle Outfitters,Greenwood,2765,0002765 00002765,1251 US 31 North,IN,46142,
American Eagle Outfitters,Mishawaka,2766,0002766 00002766,6501 Grape Rd,IN,46545,
American Eagle Outfitters,Victor,2767,0002767 00002767,741 Eastview Mall,NY,14564,
American Eagle Outfitters,Staten Island,2768,0002768 00002768,2655 Richmond Avenue,NY,10314,
American Eagle Outfitters,Whitehall,2770,0002770 00002770,233 Lehigh Valley Mall,PA,18052,
American Eagle Outfitters,Brandon,2771,0002771 00002771,432 Brandon Town Center M,FL,33511,
American Eagle Outfitters,West Des Moines,2772,0002772 00002772,101 Jordan Creek Parkway,IA,50266,
American Eagle Outfitters,Green Bay,2775,0002775 00002775,683 Bay Park Square,WI,54304,
American Eagle Outfitters,Orlando,2778,0002778 00002778,8001 S. Orange Blossom Tr,FL,32809,
American Eagle Outfitters,Cedar Park,2779,0002779 00002779,11200 Lakeline Mall Dr,TX,78613,
American Eagle Outfitters,Sandy,2781,0002781 00002781,10450 South State Street,UT,84070,
American Eagle Outfitters,Lubbock,2783,0002783 00002783,6002 Slide Road,TX,79414,
American Eagle Outfitters,San Antonio,2784,0002784 00002784,15900 LaCantera Parkway,TX,78256,
American Eagle Outfitters,King of Prussia,2785,0002785 00002785,160 N. Gulph Road,PA,19406,
American Eagle Outfitters,Pittsburgh,2786,0002786 00002786,2260 Robinson Center Dr,PA,15205,
American Eagle Outfitters,Newington,2787,0002787 00002787,50 Fox Run Road,NH,3801,
American Eagle Outfitters,North Wales,2789,0002789 00002789,110 Montgomery Mall,PA,19454,
American Eagle Outfitters,Bangor,2790,0002790 00002790,663 Stillwater Ave,ME,4401,
American Eagle Outfitters,New Hartford,2791,0002791 00002791,Rts 5 & 5A,NY,13413,
American Eagle Outfitters,Middletown,2792,0002792 00002792,1 North Galleria Drive,NY,10941,
American Eagle Outfitters,Canton,2793,0002793 00002793,4197 Belden Village Mall,OH,44718,
American Eagle Outfitters,Louisville,2794,0002794 00002794,5000 Shelbyville Road,KY,40207,
American Eagle Outfitters,Anchorage,2796,0002796 00002796,800 E. Dimond Blvd,AK,99515,
American Eagle Outfitters,Knoxville,2799,0002799 00002799,7600 Kingstown Pike,TN,37919,
American Eagle Outfitters,Fairfax,2800,0002800 00002800,11741 Fair Oaks Mall,VA,22033,
American Eagle Outfitters,Cerritos,2801,0002801 00002801,160 Los Cerritos Center,CA,90703,
American Eagle Outfitters,Grove City,2802,0002802 00002802,1191 Leesburg Road,PA,16127,
American Eagle Outfitters,Winston-Salem,2803,0002803 00002803,3320 Silas Creek Parkway,NC,27103,
American Eagle Outfitters,Memphis,2804,0002804 00002804,2760 N. Germantown Pky,TN,38133,
American Eagle Outfitters,Nashville,2805,0002805 00002805,460 Opry Mills Drive,TN,37214,
American Eagle Outfitters,Thousand Oaks,2808,0002808 00002808,180 West Hillcrest Dr.,CA,91360,
American Eagle Outfitters,Chesterfield,2810,0002810 00002810,63 Chesterfield Mall,MO,63017,
American Eagle Outfitters,Independence,2811,0002811 00002811,1152 Independence Ctr Dr,MO,64057,
American Eagle Outfitters,Fairview Heghts,2813,0002813 00002813,107 St. Claire Sq,IL,62208,
American Eagle Outfitters,Tulsa,2814,0002814 00002814,7021 S Memorial Dr,OK,74133,
American Eagle Outfitters,Grandville,2816,0002816 00002816,3700 Rivertown Parkway,MI,49418,
American Eagle Outfitters,Springfield,2817,0002817 00002817,2501 Wabash Ave,IL,62704,
American Eagle Outfitters,Peoria,2818,0002818 00002818,2200 W. War Memorial Drive,IL,61613,
American Eagle Outfitters,Edison,2819,0002819 00002819,55 Parsonage Road,NJ,8837,
American Eagle Outfitters,Willow Grove,2820,0002820 00002820,2500 Moreland Road,PA,19090,
American Eagle Outfitters,Altoona,2821,0002821 00002821,5580 Goods Lane,PA,16602,
American Eagle Outfitters,Wilkes Barre,2823,0002823 00002823,21 Wyoming Valley Mall,PA,18702,
American Eagle Outfitters,Scranton,2824,0002824 00002824,100 Viewmont Mall,PA,18508,
American Eagle Outfitters,State College,2826,0002826 00002826,2901 East College Ave,PA,16801,
American Eagle Outfitters,West Nyack,2827,0002827 00002827,2552 Palisades Center Dr,NY,10994,
American Eagle Outfitters,Arlington,2830,0002830 00002830,3811 S. Cooper,TX,76015,
American Eagle Outfitters,Rochester,2832,0002832 00002832,#660 Apache Mall,MN,55902,
American Eagle Outfitters,Fort Worth,2833,0002833 00002833,4800 S. Hulen St.,TX,76132,
American Eagle Outfitters,Wauwatosa,2834,0002834 00002834,2500 N. Mayfair Road,WI,53226,
American Eagle Outfitters,Strongsville,2837,0002837 00002837,404 South Park Center,OH,44136,
American Eagle Outfitters,Hickory,2838,0002838 00002838,1960 US Highway 70 SE,NC,28602,
American Eagle Outfitters,Marlborough,2840,0002840 00002840,601 Donald Lynch Blvd,MA,1752,
American Eagle Outfitters,Peabody,2842,0002842 00002842,210 Andover St,MA,1960,
American Eagle Outfitters,Grapevine,2843,0002843 00002843,3000 Grapevine Mills Pky,TX,76051,
American Eagle Outfitters,Gurnee,2844,0002844 00002844,6170 West Grand Ave,IL,60031,
American Eagle Outfitters,Rehoboth Beach,2848,0002848 00002848,36445 Seaside Outlet Dr,DE,19971,
American Eagle Outfitters,ON,2851,0002851 00002851,1 Mills Circle,CA,91764,
American Eagle Outfitters,San Juan,2852,0002852 00002852,525 FD Roosevelt Ave,PR,918,
American Eagle Outfitters,Riverhead,2854,0002854 00002854,1203 Tanger Mall Drive,NY,11901,
American Eagle Outfitters,Charlotte,2856,0002856 00002856,6801 Northlake Mall Drive,NC,28216,
American Eagle Outfitters,San Marcos,2857,0002857 00002857,4015 Interstate Highway 3,TX,78666,
American Eagle Outfitters,Towson,2858,0002858 00002858,825 Dulaney Valley Road,MD,21204,
American Eagle Outfitters,Florence,2859,0002859 00002859,1034 Florence Mall,KY,41042,
