keywords,city,Aggdata Store Number,store_number,address,state,zip_code
Zales,Gilbert,12,#12,2196 E William Field Roa,AZ,85296
Zales,Wesley Chapel,13,#13,"28211 Paseo Drive, Unit #180",FL,33544
Zales,Miami,14,#14,20505 South Dixie Hwy S,FL,33189
Zales,Niles,15,#15,5555 Youngstown Warren Rd,OH,44446
Zales,Cedar Park,16,#16,11200 Lakeline Mall Drive,TX,78613
Zales,Plymouth Meeting,17,#17,1150 Plymouth Meeting Mal,PA,19462
Zales,Eatontown,20,#20,Route 35 36,NJ,7724
Zales,Killeen,22,#22,2100 S W S Young Drive,TX,76543
Zales,Wyomissing,23,#23,1665 State Hill Rd,PA,19610
Zales,Lancaster,24,#24,301 Park City Center,PA,17601
Zales,Easton,26,#26,2455 Park Avenue,PA,18045
Zales,Harrisburg,27,#27,I 83 Paxton St,PA,17111
Zales,Rochester,28,#28,1100 Miracle Mile Drive,NY,14623
Zales,Whitehall,29,#29,229 Lehigh Valley Mall,PA,18052
Zales,Orland Park,30,#30,128 Orland Square Mall,IL,60462
Zales,Monroeville,31,#31,200 Monroeville Mall,PA,15146
Zales,Monroeville,31,#31,200 Monroeville Mall,PA,15146
Zales,East Brunswick,32,#32,755 State Route 18,NJ,8816
Zales,East Brunswick,32,#32,755 State Route 18,NJ,8816
Zales,Toledo,33,#33,5001 Monroe Street,OH,43623
Zales,Toledo,33,#33,5001 Monroe Street,OH,43623
Zales,Plantation,37,#37,8000 W Broward Blvd,FL,33388
Zales,Manassas,38,#38,8300 Sudley Road,VA,20109
Zales,Monaca,39,#39,380 Beaver Valley Mall,PA,15061
Zales,Monaca,39,#39,380 Beaver Valley Mall,PA,15061
Zales,Stroudsburg,41,#41,Route 611 454 Stroud Mal,PA,18360
Zales,Youngstown,42,#42,7401 Market Street,OH,44512
Zales,Akron,44,#44,3265 W Market Street,OH,44333
Zales,Victoria,46,#46,7800 N Navarro St,TX,77904
Zales,Selinsgrove,47,#47,Routes 11 15,PA,17870
Zales,Newark,48,#48,715 Christiana Mall,DE,19702
Zales,Cleburne,49,#49,1663 W Henderson,TX,76031
Zales,San Antonio,51,#51,6301 Nw Loop 410,TX,78238
Zales,Clinton Township,52,#52,17420 Hall Road Ste 108,MI,48038
Zales,Langhorne,53,#53,2300 E Lincoln Hwy,PA,19047
Zales,Rochester,57,#57,271 Greece Ridge Center D,NY,14626
Zales,Waco,58,#58,6001 W Waco Drive,TX,76710
Zales,Charlottesville,59,#59,1600 E Rio Road,VA,22901
Zales,Amherst,60,#60,K 2 Boulevard Mall,NY,14226
Zales,Lawrenceville,61,#61,Rte 1 Quakerbridge Rd,NJ,8648
Zales,Vineland,64,#64,3849 S Delsea Drive,NJ,8360
Zales,Erie,66,#66,5800 Peach St K 9,PA,16565
Zales,Davenport,67,#67,320 W Kimberly,IA,52806
Zales,Parma,68,#68,7948 Ridgewood Dr,OH,44129
Zales,Plainfield,69,#69,2499 Futura Parkway,IN,46168
Zales,Staten Island,70,#70,2655 Richmond Avenue,NY,10314
Zales,San Bernardino,76,#76,504 Inland Center,CA,92408
Zales,Johnson City,77,#77,601 635 Harry L Dr Suit,NY,13790
Zales,Bakersfield,78,#78,2701 Ming Ave,CA,93304
Zales,Bakersfield,78,#78,2701 Ming Ave,CA,93304
Zales,Philadelphia,79,#79,2385 W Cheltenham Ave,PA,19150
Zales,Pittsburgh,81,#81,301 South Hills Village,PA,15241
Zales,Baltimore,82,#82,7839 Eastpoint Mall,MD,21224
Zales,Clarksville,83,#83,701 Lewis Clark Pkwy,IN,47129
Zales,San Juan,86,#86,9410 Los Romeros Ave,PR,926
Zales,Lakewood,90,#90,318 E Fairmount Ave,NY,14750
Zales,Hurst,91,#91,1101 Melbourne Rd Ste 3,TX,76053
Zales,Watertown,92,#92,1300 9th Ave Se,SD,57201
Zales,National City,94,#94,3030 Plaza Bonita Rd,CA,91950
Zales,Laredo,95,#95,5300 San Dario Avenue,TX,78041
Zales,Saint Joseph,96,#96,3702 Fredrick Blvd,MO,64506
Zales,Lakewood,97,#97,200 Lakewood Center Mall,CA,90712
Zales,Roseville,99,#99,10 Rosedale Shopping Cent,MN,55113
Zales,Sioux Falls,100,#100,1670 W Empire Mall,SD,57106 6520
Zales,Morgantown,101,#101,9030 Mall Road,WV,26501 8549
Zales,Carlsbad,102,#102,2525 El Camino Real,CA,92008
Zales,West Covina,103,#103,9007 Plaza Drive,CA,91790
Zales,Ventura,105,#105,3301 East Main St,CA,93003
Zales,Vero Beach,108,#108,6200 20th Street,FL,32966
Zales,Vero Beach,108,#108,6200 20th Street,FL,32966
Zales,Greendale,112,#112,5300 S 76th Street,WI,53129
Zales,Des Moines,114,#114,3850 Merle Hay Road,IA,50310
Zales,Deptford,115,#115,1750 Deptford Center Rd,NJ,8096
Zales,Manchester,117,#117,194 Buckland Hills Dr,CT,6040
Zales,Williamsville,119,#119,4545 Transit Road,NY,14221
Zales,Sandy,120,#120,10450 S State St Stek,UT,84070
Zales,Santa Fe,123,#123,4250 Cerrillos Rd,NM,87505
Zales,Richmond Heights,124,#124,691 Richmond Road,OH,44143
Zales,Naples,125,#125,1900 G 2 Tamiami Trail No,FL,34102
Zales,Baltimore,127,#127,6901 Security Blvd,MD,21244
Zales,Akron,129,#129,2000 Brittain Rd,OH,44310
Zales,Charleston,134,#134,3000 Charleston Town Cent,WV,25389
Zales,Hayward,135,#135,1 Southland Mall,CA,94545
Zales,Gastonia,136,#136,246 N New Hope Rd,NC,28054
Zales,Lynnwood,139,#139,3000 184th Street Sw,WA,98037
Zales,Leominster,141,#141,Commercial Road,MA,1453
Zales,San Antonio,142,#142,7400 San Pedro Avenue,TX,78216
Zales,Austin,145,#145,6001 Airport Blvd,TX,78752
Zales,Dover,146,#146,1365 North Dupont Hwy,DE,19901
Zales,North Dartmouth,150,#150,105 B North Dartmouth Mal,MA,2747
Zales,Lake Wales,152,#152,719 Eagle Ridge Drive,FL,33853
Zales,Wilmington,155,#155,4737 Concord Pike,DE,19803
Zales,Wilmington,155,#155,4737 Concord Pike,DE,19803
Zales,Mary Esther,157,#157,300 Mary Esther Blvd,FL,32569
Zales,Jacksonville,158,#158,9501 Arlington Expressway,FL,32225
Zales,Russellville,160,#160,3071 E Main,AR,72801
Zales,North Dartmouth,163,#163,132 Dartmouth Mall,MA,2747
Zales,Vancouver,164,#164,8700 Ne Vancouver Mall Dr,WA,98662
Zales,Odessa,167,#167,B 15 Music City Mall,TX,79762
Zales,Medford,168,#168,1600 N Riverside Ave,OR,97501
Zales,Virginia Beach,170,#170,701 Lynnhaven Pkwy,VA,23452
Zales,San Angelo,175,#175,4001 Southwest Blvd,TX,76904
Zales,Mishawaka,177,#177,6501 N Grape Road,IN,46545
Zales,Mays Landing,179,#179,4403 Black Horse Pike,NJ,8330
Zales,Mays Landing,179,#179,4403 Black Horse Pike,NJ,8330
Zales,Saint Petersburg,180,#180,6836 22nd Avenue N,FL,33710
Zales,Bay Shore,181,#181,1701 Sunrise Hwy,NY,11706
Zales,Scranton,183,#183,100 Scranton Carbondale H,PA,18508
Zales,Altoona,186,#186,Logan Valley Mall 5580 Goods Lane Space #724,PA,16602
Zales,Yorktown Heights,187,#187,650 Lee Boulevard,NY,10598
Zales,Yorktown Heights,187,#187,650 Lee Boulevard,NY,10598
Zales,Ashland,188,#188,500 Winchester Ave,KY,41101
Zales,Overland Park,190,#190,11267 W 95th Street,KS,66214
Zales,Wichita Falls,191,#191,3111 Midwestern Parkway,TX,76308
Zales,Kennewick,193,#193,1321 N Columbia Center B,WA,99336
Zales,Tucson,195,#195,4500 N Oracle Rd,AZ,85705
Zales,Tucson,195,#195,4500 N Oracle Rd,AZ,85705
Zales,Bayamon,196,#196,Comerio Ave Local 4 Hwy,PR,961
Zales,El Paso,198,#198,750 Sunland Park Drive,TX,79912
Zales,El Paso,199,#199,8401 Gateway Blvd W,TX,79925
Zales,Isabela,201,#201,3533 Avenue Militar Ste,PR,662
Zales,Ponce,202,#202,2050 Ponce Bypass,PR,731
Zales,Dubuque,204,#204,555 John F Kennedy Rd,IA,52002
Zales,Blasdell,206,#206,3701 Mckinley Pkwy,NY,14219
Zales,Blasdell,206,#206,3701 Mckinley Pkwy,NY,14219
Zales,Brooklyn,209,#209,5148 Flatbush Ave,NY,11234
Zales,Plymouth Meeting,212,#212,Plymouth Meeting 500 W Germantown Pike. Ste 230,PA,19462
Zales,Pottstown,213,#213,351 Schuylkill Road Ste,PA,19465
Zales,Daly City,214,#214,116 Serramonte Center,CA,94015
Zales,Mesa,215,#215,1445 W Southern Ave,AZ,85202
Zales,Phillipsburg,217,#217,1200 Hwy 22 East,NJ,8865
Zales,York,218,#218,2899 Whiteford Road,PA,17402
Zales,Spokane,219,#219,4750 N Division St,WA,99207
Zales,Orlando,220,#220,8001 S Orange Blossom Tr,FL,32809
Zales,Newport News,221,#221,12300 Jefferson Ave K 5,VA,23602
Zales,Lakeland,222,#222,3800 U S Hwy 98 N,FL,33809
Zales,Bensalem,223,#223,4200 Neshaminy Blvd,PA,19020
Zales,Forestville,224,#224,3393 Donnell Dr,MD,20747
Zales,Acredale,226,#226,4554 Virginia Beach Blvd,VA,23462
Zales,Fresno,227,#227,645 E Shaw Ave,CA,93710
Zales,Westminster,228,#228,1025 Westminster Mall,CA,92683
Zales,Richmond,231,#231,11500 Midlothian Turnpike,VA,23235
Zales,Ocoee,232,#232,9401 W Colonial Dr,FL,34761
Zales,Michigan City,233,#233,450 Saint John Rd,IN,46360
Zales,Altus,234,#234,1116 N Main Ste M 17,OK,73521
Zales,Trumbull,237,#237,5065 Main St,CT,6611
Zales,Trumbull,237,#237,5065 Main St,CT,6611
Zales,Bel Air,238,#238,696 Belair Road,MD,21014
Zales,Sandusky,239,#239,3103 Campbell Street,OH,44870
Zales,Meriden,240,#240,470 Lewis Ave,CT,6450
Zales,Newington,241,#241,50 Fox Run Rd,NH,3801
Zales,Aurora,242,#242,14200 E Alameda Avenue,CO,80012
Zales,Springfield,243,#243,1250 Baltimore Pike,PA,19064
Zales,Friendswood,244,#244,K 001 Baybrook Mall,TX,77546
Zales,Jacksonville,245,#245,10300 Southside Boulevard,FL,32256
Zales,North Charleston,247,#247,2150 Northwoods Blvd,SC,29406
Zales,Columbus,248,#248,3507 Manchester Expresswa,GA,31909
Zales,Waterloo,250,#250,2060 Crossroads Blvd,IA,50702
Zales,Koch,251,#251,374 S County Ctr,MO,63129
Zales,Fredericksburg,253,#253,3102 Plank Rd,VA,22407
Zales,Fredericksburg,253,#253,3102 Plank Rd,VA,22407
Zales,Toms River,254,#254,1201 Hooper Ave,NJ,8753
Zales,Albany,255,#255,1425 Central Ave,NY,12205
Zales,Florence,257,#257,301 Cox Creek Pkwy,AL,35630
Zales,Merritt Island,258,#258,777 E Merritt Island Cau,FL,32952
Zales,Greenville,259,#259,700 Haywood Rd,SC,29607
Zales,Huntsville,260,#260,2801 Memorial Pkwy Sw 27,AL,35806
Zales,Temple,261,#261,3013 South 31st St,TX,76501
Zales,Milford,262,#262,1201 Boston Post Road,CT,6460
Zales,Niles,263,#263,239 Golf Mill Center,IL,60714
Zales,Reading,264,#264,3050 N 5th St Hwy,PA,19605
Zales,Forsyth,267,#267,1185 Hickory Point Mall,IL,62535
Zales,Westminster,269,#269,400 N Center St,MD,21157
Zales,Cheektowaga,270,#270,2000 Walden Avenue,NY,14225
Zales,Bradenton,272,#272,303 Us 301 Blvd West,FL,34205
Zales,Hurst,274,#274,1101 Melbourne Rd,TX,76053
Zales,Merritt Island,276,#276,777 E Merritt Island Cau,FL,32952
Zales,Salisbury,277,#277,2300 N Salisbury Blvd,MD,21801
Zales,Moorestown,279,#279,400 Route 38,NJ,8057
Zales,Auburn,280,#280,385 Southbridge St,MA,1501
Zales,Seattle,281,#281,401 Ne Northgate Way,WA,98125
Zales,Tacoma,282,#282,4502 S Steele St,WA,98409
Zales,Dallas,283,#283,Nw Hwy At 75,TX,75225
Zales,Lincoln,285,#285,159 Gateway Mall Ste 84,NE,68505
Zales,Winston Salem,288,#288,3320 Silas Creek Pkwy,NC,27103
Zales,Atlanta,289,#289,4400 Ashford Dunwoody Rd,GA,30346
Zales,Lebanon,292,#292,2231 Lebanon Valley Mall,PA,17042
Zales,Johnstown,293,#293,500 Galleria Drive,PA,15904
Zales,Freehold,295,#295,3710 Route 9,NJ,7728
Zales,Schenectady,297,#297,93 W Campbell Road,NY,12306
Zales,Schenectady,297,#297,93 W Campbell Road,NY,12306
Zales,Oklahoma City,299,#299,1901 Nw Expressway,OK,73118
Zales,Port Richey,300,#300,9409 Us Hwy 19 N,FL,34668
Zales,Greensboro,302,#302,400 Four Seasons Town Cen,NC,27407
Zales,Fort Lauderdale,303,#303,2414 E Sunrise Blvd,FL,33304
Zales,Naples,305,#305,2012 Tamiami Trail N,FL,34102
Zales,Greensburg,306,#306,Route 30 East,PA,15601
Zales,Greensburg,306,#306,Route 30 East,PA,15601
Zales,San Antonio,307,#307,2310 Sw Military Dr,TX,78224
Zales,Jacksonville,308,#308,375 Jacksonville Mall,NC,28546
Zales,Johnson City,309,#309,2011 N Roan Street,TN,37601
Zales,Raleigh,310,#310,4325 Glenwood Avenue,NC,27612
Zales,Victor,314,#314,243 Eastview Mall,NY,14564
Zales,Cincinnati,315,#315,9501 Colerain Ave,OH,45251
Zales,Altoona,317,#317,Route 220 Goods Lane,PA,16602
Zales,Fort Myers,322,#322,4125 Cleveland Ave,FL,33901
Zales,Swansea,325,#325,262 Swansea Mall Dr,MA,2777
Zales,Swansea,325,#325,262 Swansea Mall Dr,MA,2777
Zales,Eagle Pass,326,#326,"455 South Bibb St., Ste 524",TX,78852
Zales,Mishawaka,327,#327,6501 N Grape Road,IN,46545
Zales,Indianapolis,328,#328,6020 E 82nd Street,IN,46250
Zales,Springfield,329,#329,1475 Upper Valley Pike,OH,45504
Zales,Carolina,330,#330,65 Infanteria Ave Frago,PR,988
Zales,Bradenton,331,#331,303 Us 301 Blvd West,FL,34205
Zales,Sarasota,332,#332,8201 S Tamiami Trail,FL,34238
Zales,Massapequa,333,#333,1 Sunrise Mall,NY,11758
Zales,Anderson,334,#334,2109 South Scatterfield R,IN,46016
Zales,Peabody,335,#335,210 Andover St,MA,1960
Zales,Tacoma,336,#336,4502 S Steele St Sp 6,WA,98409
Zales,Roseville,337,#337,32233 Gratiot,MI,48066
Zales,Deptford,338,#338,1750 Deptford Center Road,NJ,8096
Zales,Deptford,338,#338,1750 Deptford Center Road,NJ,8096
Zales,Corpus Christi,339,#339,5431 S Padre Island Dr,TX,78411
Zales,Greenwood,343,#343,1251 Us 31 North Sp D 09,IN,46142
Zales,Daytona Beach,344,#344,1700 W International Spe,FL,32114
Zales,Lincoln,345,#345,6100 W O Street,NE,68505
Zales,Tucson,346,#346,5870 East Broadway,AZ,85711
Zales,Uniontown,347,#347,736 Uniontown Mall 1368 W Main St.,PA,15401
Zales,Whitehall,348,#348,261 Lehigh Valley Mall,PA,18052
Zales,Puyallup,351,#351,3500 Meridian St S T4,WA,98373
Zales,Concord,352,#352,270 Loudon Road,NH,3301
Zales,Capitola,353,#353,1855 41st Avenue,CA,95010
Zales,Kennewick,354,#354,1321 N Columbia Center D,WA,99336
Zales,Rockaway,355,#355,Mt Hope Avenue,NJ,7866
Zales,Rockaway,355,#355,Mt Hope Avenue,NJ,7866
Zales,Chesapeake,356,#356,1401 Greenbrier Parkway S,VA,23320
Zales,Chesapeake,356,#356,1401 Greenbrier Parkway S,VA,23320
Zales,Bloomsburg,358,#358,225 Columbia Mall Drive,PA,17815
Zales,Springfield,360,#360,2501 Wabash Ave,IL,62704
Zales,Tampa,361,#361,525 N West Shore Blvd,FL,33609
Zales,Chesapeake,362,#362,4200 Portsmouth Blvd,VA,23321
Zales,New Hartford,363,#363,1 Sangertown Square,NY,13413
Zales,Hyattsville,366,#366,3500 East West Hwy,MD,20782
Zales,Hyattsville,366,#366,3500 East West Hwy,MD,20782
Zales,Milpitas,367,#367,668 Great Mall Drive,CA,95035
Zales,Harper Woods,368,#368,18000 Vernier Rd,MI,48225
Zales,Westland,369,#369,35000 W Warren Rd,MI,48185
Zales,Jensen Beach,370,#370,3174 N W Federal Highway,FL,34957
Zales,Jensen Beach,370,#370,3174 N W Federal Highway,FL,34957
Zales,Orange Park,371,#371,1910 Wells Rd,FL,32073
Zales,Saint Louis,372,#372,85 S County Center Way,MO,63129
Zales,Chicago,374,#374,7601 S Cicero Avenue,IL,60652
Zales,Danbury,375,#375,7 Backus Ave,CT,6810
Zales,Danbury,375,#375,7 Backus Ave,CT,6810
Zales,North Riverside,383,#383,7501 W Cermak Road,IL,60546
Zales,St Clairsville,385,#385,67800 Mall Road,OH,43950
Zales,Tulsa,386,#386,4107 S Yale Ave,OK,74135
Zales,Bridgeport,388,#388,2399 Meadowbrook Mall,WV,26330
Zales,Bridgeport,388,#388,2399 Meadowbrook Mall,WV,26330
Zales,Barboursville,391,#391,1 Mall Rd,WV,25504
Zales,Aurora,393,#393,195 Fox Valley Center,IL,60504
Zales,Pearland,394,#394,11200 Broadway Street,TX,77584
Zales,Mankato,395,#395,1850 Adams Street,MN,56001
Zales,Des Moines,397,#397,3800 Merle Hay Road,IA,50310
Zales,Woodbridge,400,#400,250 Woodbridge Center Dri,NJ,7095
Zales,Daly City,403,#403,105 Serramonte Center,CA,94015
Zales,State College,405,#405,2900 East College Avenue,PA,16801
Zales,Fort Dodge,409,#409,217 S 25th St,IA,50501
Zales,Victorville,411,#411,14400 Bear Valley Rd,CA,92392
Zales,San Bernardino,412,#412,444 Inland Center,CA,92408
Zales,Kingston,413,#413,1300 Ulster Ave Ste 316,NY,12401
Zales,Concord,414,#414,470a Sun Valley Mall,CA,94520
Zales,Akron,415,#415,2000 Brittian Rd Ste 59,OH,44310
Zales,Hammond,416,#416,318 Palace Drive,LA,70403
Zales,Pittsburgh,417,#417,1000 Ross Park Mall Drive,PA,15237
Zales,Stockton,418,#418,4950 Pacific Ave,CA,95207
Zales,Wilkes Barre,419,#419,77 Wyoming Valley Mall R,PA,18702
Zales,Lancaster,420,#420,406 Park City Center,PA,17601
Zales,Mentor,421,#421,7850 Mentor Avenue,OH,44060
Zales,Cary,424,#424,1105 Walnut St,NC,27511
Zales,Omaha,426,#426,10000 California St,NE,68114
Zales,Scranton,427,#427,161 The Mall At Steamtown,PA,18503
Zales,Mobile,429,#429,3213 Bel Air Mall,AL,36606
Zales,Camp Hill,430,#430,3551 Capital City Mall,PA,17011
Zales,Ponce,431,#431,2050 Ponce Bypass,PR,717
Zales,State College,432,#432,508 Nittany Mall East College Avenue,PA,16801
Zales,Cincinnati,436,#436,11700 Princeton Pike,OH,45246
Zales,Las Vegas,438,#438,3560 Maryland Pkwy,NV,89109
Zales,Norfolk,439,#439,880 N Military Hwy,VA,23502
Zales,North Wales,442,#442,Routes 202 309,PA,19454
Zales,Orlando,444,#444,8001 S Orange Blossom Tr,FL,32809
Zales,Jensen Beach,445,#445,3174 N W Federal Highwa,FL,34957
Zales,Pittsburgh,447,#447,1000 Ross Park Mall Drive,PA,15237
Zales,Meriden,449,#449,470 Lewis Ave,CT,6450
Zales,Fort Myers,451,#451,4125 Cleveland Ave,FL,33901
Zales,Albany,452,#452,1 Crossgates Mall Road,NY,12203
Zales,Fort Smith,454,#454,5100 Rogers Ave 44,AR,72903
Zales,Tukwila,455,#455,921 Southcenter Mall,WA,98188
Zales,Overland Park,457,#457,11461 W 95th Street,KS,66214
Zales,Langhorne,462,#462,2300 E Lincoln Hwy,PA,19047
Zales,Beaver Brook,464,#464,Route 93 Airport Rd,PA,18201
Zales,Union Gap,466,#466,2515 Main St,WA,98903
Zales,Easton,468,#468,2455 Park Avenue,PA,18045
Zales,Sanford,469,#469,161 Towne Center Circle,FL,32771
Zales,Green Bay,481,#481,751 Bay Park Square,WI,54304
Zales,Waco,482,#482,6001 W Waco Drive,TX,76710
Zales,West Dundee,483,#483,3633 Spring Hill Mall,IL,60118
Zales,Laguna Hills,484,#484,24155 Laguna Hills Mall,CA,92653
Zales,Clay,486,#486,4081 Route 31,NY,13041
Zales,Holyoke,487,#487,50 Holyoke Street,MA,1040
Zales,Cheektowaga,488,#488,2000 Walden Avenue,NY,14225
Zales,York,489,#489,2899 Whiteford Road,PA,17402
Zales,Auburn,490,#490,385 Southbridge St,MA,1501
Zales,Lexington,492,#492,3401 Nicholasville Road,KY,40503
Zales,North Dartmouth,494,#494,118 North Dartmouth Mall,MA,2747
Zales,Taunton,496,#496,2 Galleria Mall Drive,MA,2780
Zales,Taunton,496,#496,2 Galleria Mall Drive,MA,2780
Zales,Cincinnati,499,#499,4601 Eastgate Blvd,OH,45245
Zales,Greendale,501,#501,5300 S 76th Street,WI,53129
Zales,Racine,510,#510,5776 Durand Avenue,WI,53406
Zales,Milford,512,#512,1201 Boston Post Road,CT,6460
Zales,Brownsville,515,#515,2370 N Expressway,TX,78526
Zales,Erie,516,#516,5800 Peach St K 3,PA,16565
Zales,Toms River,519,#519,1201 Hooper Ave,NJ,8753
Zales,Bayamon,522,#522,Santa Rosa Mall Suite 24,PR,959
Zales,Wilkes Barre,524,#524,82 Wyoming Valley Mall R,PA,18702
Zales,Hato Rey,526,#526,F D Roosevelt Ave Ste,PR,918
Zales,Joplin,527,#527,101 Rangeline Rd,MO,64801
Zales,Knoxville,528,#528,7600 Kingston Pike W,TN,37919
Zales,Honolulu,530,#530,4211 Waialae Ave,HI,96816
Zales,Syracuse,535,#535,9090 Carousel Center,NY,13290
Zales,Poughkeepsie,537,#537,790 South Road,NY,12601
Zales,Bismarck,538,#538,602 Kirkwood Mall,ND,58504
Zales,Indianapolis,540,#540,6020 E 82nd Street,IN,46250
Zales,West Mifflin,541,#541,3075 Clairton Rd,PA,15123
Zales,West Mifflin,541,#541,3075 Clairton Rd,PA,15123
Zales,Chesapeake,542,#542,4200 Portsmouth Blvd,VA,23321
Zales,Lavale,543,#543,1262 Vocke Rd,MD,21502
Zales,Horseheads,550,#550,3300 Chambers Road S,NY,14844
Zales,Norfolk,553,#553,880 N Miltary Hwy 1013,VA,23502
Zales,Youngstown,554,#554,7401 Market Street,OH,44512
Zales,Mishawaka,557,#557,6501 N Grape Road,IN,46545
Zales,Johnson City,558,#558,601 635 Harry L Dr Suit,NY,13790
Zales,Wilton,564,#564,3065 Route 50,NY,12866
Zales,Springfield,565,#565,2825 S Glenstone Ave,MO,65804
Zales,Annapolis,568,#568,8130 Annapolis Mall,MD,21401
Zales,Irving,570,#570,3630 Irving Mall,TX,75062
Zales,Syracuse,571,#571,9090 Carousel Center,NY,13290
Zales,Muncie,572,#572,3501 N Granville Ave,IN,47303
Zales,Valley Stream,574,#574,1043 Green Acres Mall,NY,11581
Zales,Middletown,575,#575,1 N Galleria Dr,NY,10941
Zales,Middletown,575,#575,1 N Galleria Dr,NY,10941
Zales,Vineland,576,#576,3849 S Delsea Drive,NJ,8360
Zales,Valley Stream,577,#577,1001 Green Acres Mall,NY,11581
Zales,Harrisburg,579,#579,21 Colonial Park Mall Route 22,PA,17109
Zales,Poughkeepsie,585,#585,790 South Road,NY,12601
Zales,Whitehall,587,#587,276 Lehigh Valley Mall,PA,18052
Zales,Bay Shore,588,#588,1701 Sunrise Hwy,NY,11706
Zales,Springfield,589,#589,1250 Baltimore Pike,PA,19064
Zales,Youngstown,590,#590,7401 Market Street,OH,44512
Zales,Vineland,592,#592,S Delsea Dr,NJ,8360
Zales,Paramus,593,#593,270 Garden State Plaza,NJ,7652
Zales,Appleton,596,#596,4301 W Wisconsin Ave,WI,54913
Zales,Amherst,598,#598,K 5 Boulevard Mall,NY,14226
Zales,Lawton,600,#600,55 Central Mall,OK,73501
Zales,Phoenix,603,#603,4550 E Cactus Road,AZ,85032
Zales,Wausau,606,#606,Pk 10 Wausau Center,WI,54403
Zales,Moreno Valley,608,#608,22500 Town Circle,CA,92553
Zales,Taylor,609,#609,23000 Eureka Rd,MI,48180
Zales,Lake Grove,611,#611,3502 Middle Country Rd K,NY,11755
Zales,Baltimore,613,#613,6901 Security Blvd,MD,21244
Zales,Williamsville,615,#615,4545 Transit Road,NY,14221
Zales,Elizabethtown,617,#617,1704 North Dixie Highway,KY,42701
Zales,Fort Wayne,618,#618,4201 Coldwater Road,IN,46805
Zales,Spartanburg,621,#621,205 W Blackstock Rd,SC,29301
Zales,Woodbridge,624,#624,149 Woodbridge Center Dr,NJ,7095
Zales,Holyoke,627,#627,50 Holyoke Street,MA,1040
Zales,Flagstaff,628,#628,4650 North Highway 89,AZ,86004
Zales,Melbourne,632,#632,1700 W New Haven Ave S,FL,32904
Zales,Miami,635,#635,7567 Dadeland Ctr,FL,33156
Zales,Kingston,638,#638,101 Independence Mall Way,MA,2364
Zales,Wauwatosa,639,#639,2500 North Mayfair Rd,WI,53226
Zales,Madison,641,#641,66 W Towne Mall,WI,53719
Zales,Lafayette,642,#642,2415 Sagamore Pkwy South,IN,47905
Zales,Kokomo,643,#643,1119 S Reed Road,IN,46902
Zales,Indianapolis,646,#646,6020 E 82nd Street,IN,46250
Zales,Middletown,647,#647,1 N Galleria Dr,NY,10941
Zales,Chambersburg,650,#650,864 Chambersburg Mall,PA,17201
Zales,East Brunswick,652,#652,755 State Route 18,NJ,8816
Zales,Springfield,653,#653,1655 Boston Rd,MA,1129
Zales,Auburn,655,#655,385 Southbridge St,MA,1501
Zales,Florence,656,#656,2820 Florence Mall,KY,41042
Zales,Worcester,657,#657,7 Neponset St,MA,1606
Zales,Greenwood,658,#658,1251 Us 31 North,IN,46142
Zales,El Paso,659,#659,8401 Gateway Blvd W,TX,79925
Zales,Louisville,660,#660,4801 Outer Loop,KY,40219
Zales,Newark,661,#661,215 Christiana Mall,DE,19702
Zales,Lebanon,666,#666,2240 Lebanon Valley Mall,PA,17042
Zales,Salem,669,#669,99 Rockingham Park Blvd,NH,3079
Zales,Merrillville,670,#670,2225 Southlake Mall,IN,46410
Zales,Deptford,672,#672,1750 Deptford Center Rd,NJ,8096
Zales,Carbondale,673,#673,1237 E Main Street,IL,62901
Zales,Daytona Beach,674,#674,1700 W International Spe,FL,32114
Zales,North Little Rock,676,#676,3929 Mccain Blvd,AR,72116
Zales,Leesburg,678,#678,10401 Us Highway 441,FL,34788
Zales,Fayetteville,680,#680,419 Cross Creek Mall,NC,28303
Zales,Colorado Springs,681,#681,750 Citadel Dr East Sp,CO,80909
Zales,Manhattan,683,#683,100 Manhattan Town Center,KS,66502
Zales,Rochester,686,#686,230 Greece Ridge Center D,NY,14626
Zales,Corpus Christi,689,#689,5488 S Padre Island Dr,TX,78411
Zales,Mesquite,692,#692,1246 Town East Mall,TX,75150
Zales,Strongsville,695,#695,141 Southpark Center,OH,44136
Zales,Horseheads,700,#700,3300 Chambers Road S,NY,14844
Zales,Chattanooga,702,#702,220 Northgate Mall,TN,37415
Zales,Anderson,707,#707,2109 S Scatterfield Rd,IN,46016
Zales,El Paso,709,#709,6101 Gateway West,TX,79925
Zales,San Jose,710,#710,2200 Eastridge Loop Ste,CA,95122
Zales,Phoenix,712,#712,7611 West Thomas Road,AZ,85033
Zales,Flagstaff,714,#714,4650 North Highway 89,AZ,86004
Zales,Glendale,715,#715,7700 W Arrowhead Towne C,AZ,85308
Zales,Stockton,717,#717,4950 Pacific Ave,CA,95207
Zales,Concord,718,#718,Ih 680 Willow Pass Road,CA,94520
Zales,Hatillo,720,#720,506 Truncado St,PR,659
Zales,Harrisburg,721,#721,Rt 22 And Colonial Road,PA,17109
Zales,Greenville,722,#722,714 S E Greenville Blvd,NC,27858
Zales,Eau Claire,723,#723,4800 Golf Road,WI,54701
Zales,Florence,724,#724,2701 David Mcleod Blvd,SC,29501
Zales,Ithaca,726,#726,40 Catherwood Rd,NY,14850
Zales,Martinsburg,727,#727,800 Foxcraft Ave,WV,25401
Zales,Canton,728,#728,4202 Belden Village Mall,OH,44718
Zales,Niagara Falls,731,#731,2098 Military Road,NY,14304
Zales,Janesville,733,#733,2500 Milton Avenue,WI,53545
Zales,Pottsville,734,#734,Route 61 North,PA,17901
Zales,Waterford,737,#737,850 Hartford Turnpike,CT,6385
Zales,Manchester,738,#738,1500 S Willow Street,NH,3103
Zales,Saugus,739,#739,1201 Broadway,MA,1906
Zales,Hagerstown,741,#741,17301 Valley Mall Rd,MD,21740
Zales,Frederick,743,#743,5500 Buckeystown Pike,MD,21703
Zales,Hanover,745,#745,1155 Carlisle St,PA,17331
Zales,Allentown,746,#746,3300 Lehigh St,PA,18103
Zales,Uniontown,747,#747,1368 W Main St,PA,15401
Zales,Citrus Heights,748,#748,6030 Sunrise Mall,CA,95610
Zales,Cerritos,749,#749,203 Los Cerritos Center,CA,90703
Zales,Salinas,750,#750,728 Northridge Mall,CA,93906
Zales,Queensbury,752,#752,578 Aviation Mall Rd,NY,12804
Zales,Lafayette,753,#753,B 10 2415 Sagamore Pkwy S,IN,47905
Zales,Murray,755,#755,6219 South State St,UT,84107
Zales,Watertown,756,#756,21182 Salmon Run Mall Loo,NY,13601
Zales,Fargo,757,#757,I 29 13th Ave S W,ND,58103
Zales,West Mifflin,759,#759,3075 Clairton Rd,PA,15123
Zales,Bloomington,760,#760,2896 E 3rd St,IN,47401
Zales,Aiea,761,#761,1005 Moanalua Rd,HI,96701
Zales,Bourbonnais,762,#762,1600 North State Road,IL,60914
Zales,Greeley,763,#763,Us Highway 34 23rd Ave,CO,80631
Zales,Glen Allen,764,#764,10101 Brook Rd Ste 1012,VA,23059
Zales,Orem,765,#765,Suite B 30,UT,84097
Zales,Olean,767,#767,N Union Street,NY,14760
Zales,Canton,772,#772,4346 Beldon Village Mall,OH,44718
Zales,Kahului,773,#773,275 Kaahumanu Ave,HI,96732
Zales,Camp Hill,774,#774,3495 Capital Mall Dr,PA,17011
Zales,King Of Prussia,775,#775,160 N Gulph Rd Ste K1,PA,19406
Zales,Lancaster,777,#777,401 Park City Center,PA,17601
Zales,Monroeville,779,#779,200 Monroeville Mall,PA,15146
Zales,Syracuse,781,#781,3649 Erie Blvd East,NY,13214
Zales,Hermitage,782,#782,3303 E State Street,PA,16148
Zales,Altamonte Springs,783,#783,451 Altamonte Dr,FL,32701
Zales,Waterbury,785,#785,495 Union St,CT,6706
Zales,Tampa,786,#786,2200 E Fowler Ave,FL,33612
Zales,Washington,791,#791,1500 W Chestnut St,PA,15301
Zales,Fairview Heights,797,#797,134 Saint Clair Square,IL,62208
Zales,Rochester,798,#798,333 Apache Mall,MN,55902
Zales,Fort Collins,799,#799,215 E Foothills Pkwy,CO,80525
Zales,Rochester,801,#801,271 Greece Ridge Center D,NY,14626
Zales,Ashtabula,802,#802,3315 N Ridge Rd E,OH,44004
Zales,Minot,803,#803,502 Dakota Square Mall,ND,58701
Zales,Wyomissing,806,#806,1665 State Hill Rd,PA,19610
Zales,Bluefield,808,#808,U S Highway 460 Route,WV,24701
Zales,Taylor,809,#809,23000 Eureka Rd,MI,48180
Zales,Reading,810,#810,3050 N 5th St Hwy,PA,19605
Zales,Daytona Beach,811,#811,1700 W International Spe,FL,32114
Zales,Media,812,#812,1067 W Baltimore Pike,PA,19063
Zales,Peru,816,#816,3940 Rte 251 Ste E 11,IL,61354
Zales,New Hartford,817,#817,1 Sangertown Square,NY,13413
Zales,North Olmsted,819,#819,25520 Clubside Drive,OH,44070
Zales,North Wales,820,#820,206 Montgomery Mall,PA,19454
Zales,Rockford,824,#824,7200 Harrison Ave,IL,61112
Zales,Rochester,830,#830,271 Greece Ridge Center D,NY,14626
Zales,Cherry Valley,835,#835,7200 Harrison Ave,IL,61016
Zales,Manchester,837,#837,194 Buckland Hills Dr,CT,6040
Zales,West Mifflin,838,#838,3075 Clairton Rd,PA,15123
Zales,Johnson City,843,#843,601 635 Harry L Dr Suit,NY,13790
Zales,Grand Rapids,846,#846,3195 28th St S E,MI,49512
Zales,Elyria,848,#848,4481 Midway Mall,OH,44035
Zales,Waldorf,849,#849,11110 Mall Circle,MD,20603
Zales,Waldorf,849,#849,11110 Mall Circle,MD,20603
Zales,Bristol,850,#850,500 Gate City Mall,VA,24201
Zales,Stroudsburg,851,#851,Route 611 111 Stroud Mal,PA,18360
Zales,Massapequa,852,#852,1955 Sunrise Mall,NY,11758
Zales,Fairview Heights,854,#854,244 Saint Clair Square,IL,62208
Zales,Lake Grove,855,#855,3502 Smith Haven Mall,NY,11755
Zales,Wichita Falls,856,#856,3111 Midwestern Pkwy,TX,76308
Zales,Brookfield,857,#857,95 N Moorland Rd,WI,53005
Zales,Adrian,860,#860,1357 South Main Street,MI,49221
Zales,Clearwater,862,#862,27001 Us 19 N Ste 1056,FL,33761
Zales,Spartanburg,865,#865,205 Blackstock Rd,SC,29301
Zales,Woodbourne,866,#866,2700 W Centerville Rd,OH,45459
Zales,Madison,867,#867,89 E Towne Mall,WI,53704
Zales,Oneonta,868,#868,5006 State Hwy 23,NY,13820
Zales,Galesburg,869,#869,1150 W Carl Sandburg Dr,IL,61401
Zales,Anderson,870,#870,3101 N Main Street,SC,29621
Zales,Maplewood,873,#873,3001 White Bear Ave N,MN,55109
Zales,Winchester,874,#874,1850 Apple Blossom Drive,VA,22601
Zales,Bangor,875,#875,663 Stillwater Ave,ME,4401
Zales,Columbus,876,#876,2740 South Hamilton Rd,OH,43232
Zales,Fairbanks,877,#877,32 College Rd,AK,99701
Zales,Tyler,879,#879,4601 S Broadway St,TX,75703
Zales,Aurora,880,#880,14200 E Alameda Avenue,CO,80012
Zales,Rochester,881,#881,6818 Miracle Mile Drive,NY,14623
Zales,Gainesville,883,#883,6419 W Newberry Road,FL,32605
Zales,Asheboro,884,#884,1437 E Dixie Drive,NC,27203
Zales,Mary Esther,885,#885,300 Mary Esther Blvd,FL,32569
Zales,New Bern,887,#887,3100 Martin Luther King,NC,28562
Zales,Newburgh,888,#888,1401 Route 300,NY,12550
Zales,Newburgh,888,#888,1401 Route 300,NY,12550
Zales,Albany,890,#890,2601 Dawson Road,GA,31707
Zales,Duluth,891,#891,1600 Miller Trunk Hwy,MN,55811
Zales,Columbus,893,#893,3507 Manchester Expresswa,GA,31909
Zales,Orange Park,894,#894,1910 Wells Rd,FL,32073
Zales,Lanesboro,896,#896,Rt 8 Old State Road,MA,1237
Zales,Weslaco,902,#902,1000 N Texas Blvd,TX,78596
Zales,Albuquerque,907,#907,10000 Coors Blvd Nw,NM,87114
Zales,Chicago Ridge,908,#908,315 Chicago Ridge Mall,IL,60415
Zales,Phoenix,910,#910,4550 E Cactus Road,AZ,85032
Zales,Phoenix,911,#911,9617 N Metro Parkway West,AZ,85051
Zales,Sioux Falls,916,#916,Sioux Empire Plaza,SD,57106
Zales,Butler,918,#918,101 Clearview Circle,PA,16001
Zales,Harrisonburg,919,#919,1925 E Market Street,VA,22801
Zales,North Riverside,920,#920,7501 W Cermak Rd,IL,60546
Zales,Mansfield,921,#921,2209 N Lexington Springm,OH,44906
Zales,Virginia Beach,922,#922,4554 Virginia Beach Blvd,VA,23462
Zales,Albany,923,#923,1 Crossgates Mall Road,NY,12203
Zales,Bensalem,927,#927,608 Nesaminy Mall,PA,19020
Zales,Melbourne,929,#929,1700 W New Haven Ave K,FL,32904
Zales,Horseheads,934,#934,3300 Chambers Road,NY,14844
Zales,Pennsdale,935,#935,300 Lycoming Mall Circle,PA,17756
Zales,Albuquerque,939,#939,6600 Menaul Ne,NM,87110
Zales,Baton Rouge,942,#942,9831 Cortana Place,LA,70815
Zales,Lubbock,944,#944,6002 Slide Rd Suite K 7,TX,79414
Zales,Saint Petersburg,948,#948,6901 22nd Avenue N,FL,33710
Zales,Coral Springs,949,#949,9519 West Atlantic Blvd,FL,33071
Zales,Montgomery,951,#951,1021 Eastdale Mall,AL,36117
Zales,Kingsport,953,#953,2101 Fort Henry Dr,TN,37664
Zales,Miami,955,#955,20505 S Dixie Hwy,FL,33189
Zales,Orlando,957,#957,3201 E Colonial Dr,FL,32803
Zales,Orlando,957,#957,3201 E Colonial Dr,FL,32803
Zales,Mcallen,958,#958,2200 S 10th Street,TX,78503
Zales,Tulsa,959,#959,7021 S Memorial Dr,OK,74133
Zales,Plantation,960,#960,8000 W Broward Blvd,FL,33388
Zales,Plantation,960,#960,8000 W Broward Blvd,FL,33388
Zales,Lake Jackson,961,#961,110 W Highway 332,TX,77566
Zales,Laredo,962,#962,5300 N I 35,TX,78041
Zales,Altamonte Springs,968,#968,451 Altamonte Dr,FL,32701
Zales,Jersey City,970,#970,30 Mall Drive West,NJ,7310
Zales,Pembroke Pines,974,#974,11401 Pines Blvd,FL,33026
Zales,Pueblo,975,#975,3519 Dillon Dr,CO,81008
Zales,Metairie,977,#977,3301 Veterans Memorial Bl,LA,70002
Zales,Boynton Beach,980,#980,801 N Congress Ave,FL,33426
Zales,Boynton Beach,980,#980,801 N Congress Ave,FL,33426
Zales,Morrow,982,#982,1125 Southlake Mall,GA,30260
Zales,Tampa,983,#983,2208 University Square Ma,FL,33612
Zales,Tampa,983,#983,2208 University Square Ma,FL,33612
Zales,Fort Worth,984,#984,2050 Green Oaks Road,TX,76116
Zales,Ocala,985,#985,3100 Sw College Road,FL,34474
Zales,Ocala,986,#986,3100 Sw College Road,FL,34474
Zales,Carolina,988,#988,Avenida Jesús M. Fragoso,PR,985
Zales,Wichita,989,#989,7700 E Kellogg,KS,67207
Zales,Hobbs,990,#990,1401 N Turner,NM,88240
Zales,Rapid City,991,#991,2200 N Maple,SD,57701
Zales,Danbury,994,#994,7 Backus Ave,CT,6810
Zales,Miami,995,#995,1455 Nw 107th Avenue,FL,33172
Zales,Silverdale,996,#996,10315 Silverdale Way Nw,WA,98383
Zales,Springfield,997,#997,2825 S Glenstone Ave,MO,65804
Zales,Glendale,998,#998,1165 Glendale Galleria,CA,91210
Zales,Houston,1000,#1000,5085 Westheimer Rd,TX,77056
Zales,Vancouver,1003,#1003,8700 Ne Vancouver Mall Dr,WA,98662
Zales,Greensburg,1004,#1004,225 Westmoreland Mall,PA,15601
Zales,Wheaton,1005,#1005,11160 Veirs Mill Rd,MD,20902
Zales,Fort Worth,1007,#1007,4800 S Hulen St,TX,76132
Zales,Longview,1010,#1010,3500 Mccann Rd,TX,75605
Zales,Joliet,1012,#1012,3340 Mall Loop Dr,IL,60431
Zales,Caguas,1013,#1013,Plaza Centro Mall,PR,725
Zales,Rockaway,1014,#1014,301 Mount Hope Ave,NJ,7866
Zales,Sebring,1018,#1018,901 Us Hwy 27 N,FL,33870
Zales,Citrus Heights,1020,#1020,6029 Sunrise Mall K 1,CA,95610
Zales,Anchorage,1022,#1022,800 E Diamond Blvd,AK,99515
Zales,Caguas,1024,#1024,Pr 52 At Pr 156,PR,725
Zales,Pineville,1025,#1025,11025 Carolina Place Pkwy,NC,28134
Zales,Colorado Springs,1026,#1026,750 Citadel Drive East,CO,80909
Zales,Effingham,1031,#1031,82 Village Square Mall,IL,62401
Zales,Friendswood,1032,#1032,1118 Baybrook Mall,TX,77546
Zales,Joliet,1034,#1034,1112 Louis Joliet Mall,IL,60435
Zales,Abilene,1037,#1037,4310 Buffalo Gap Road,TX,79606
Zales,Topeka,1038,#1038,1801 Sw Wanamaker Rd,KS,66604
Zales,Rock Springs,1041,#1041,2441 Foothills Blvd,WY,82901
Zales,Jefferson City,1042,#1042,3600 Country Club Dr,MO,65109
Zales,Okemos,1044,#1044,1982 W Grand River Ave,MI,48864
Zales,Portland,1045,#1045,2201 Lloyd Center,OR,97232
Zales,Las Vegas,1047,#1047,4300 Meadows Ln,NV,89107
Zales,Bangor,1049,#1049,663 Stillwater Ave,ME,4401
Zales,Del Rio,1051,#1051,2205 Avenue F,TX,78840
Zales,Auburn Hills,1052,#1052,4608 Baldwin Rd,MI,48326
Zales,Texarkana,1053,#1053,105 Central Mall,TX,75503
Zales,Mcallen,1055,#1055,2200 S 10th Street,TX,78503
Zales,San Antonio,1060,#1060,6301 Nw Loop 410,TX,78238
Zales,Independence,1061,#1061,2035 Independence Center,MO,64057
Zales,Medford,1062,#1062,3850 Mystic Valley Parkwa,MA,2155
Zales,Natchez,1063,#1063,350 John Junkin Dr,MS,39120
Zales,Asheville,1068,#1068,3 South Tunnel Road,NC,28805
Zales,Layton,1069,#1069,1076 Layton Hills Mall,UT,84041
Zales,Orland Park,1070,#1070,288 Orland Square Drive,IL,60462
Zales,Hatillo,1071,#1071,506 Truncadost Sp C 099,PR,659
Zales,New Bern,1073,#1073,3154 Martin Luther King Jr. Blvd,NC,28562
Zales,Carlsbad,1074,#1074,2525 El Camino Real,CA,92008
Zales,Lynnwood,1076,#1076,3000 184th Street Sw,WA,98037
Zales,Tallahassee,1080,#1080,1500 Apalachee Pkwy,FL,32301
Zales,Lafayette,1083,#1083,5725 Johnston St,LA,70503
Zales,Lufkin,1085,#1085,4600 S Medford Dr,TX,75901
Zales,Panama City,1086,#1086,2150 Martin Luther King B,FL,32405
Zales,Edison,1090,#1090,100 Menlo Park,NJ,8837
Zales,Henderson,1093,#1093,1300 W Sunset Blvd Box,NV,89014
Zales,Danville,1094,#1094,2917 North Vermillion,IL,61832
Zales,South Williamson,1098,#1098,275 Mall Road,KY,41503
Zales,Oviedo,1099,#1099,1700 Oviedo Marketplace B,FL,32765
Zales,Port Charlotte,1101,#1101,1441 Tamiami Trail,FL,33948
Zales,Bayamon,1104,#1104,Rd 2 Aguas Buenas Ave,PR,959
Zales,Benton Harbor,1106,#1106,1800 Pipestone Rd,MI,49022
Zales,Port Huron,1107,#1107,4350 24th Ave Ste 3502,MI,48059
Zales,Holland,1109,#1109,12331 James St,MI,49424
Zales,Athens,1110,#1110,3700 Atlanta Highway W,GA,30606
Zales,Steubenville,1118,#1118,100 Mall Drive,OH,43952
Zales,Grand Junction,1120,#1120,2424 Us Hwys 6 5 Ste 15,CO,81505
Zales,Layton,1122,#1122,1018 Layton Hills Mall,UT,84041
Zales,Denton,1124,#1124,2201 I 35 East,TX,76205
Zales,Miami,1128,#1128,11401 N W 12th St,FL,33172
Zales,La Crosse,1129,#1129,3800 State Road 16,WI,54601
Zales,Ocala,1131,#1131,3100 Sw College Road,FL,34474
Zales,Lincolnwood,1132,#1132,3333 W Toughy Avenue,IL,60712
Zales,Estero,1139,#1139,10901 Corkscrew Rd,FL,33928
Zales,Houma,1140,#1140,5953 W Park Ave,LA,70364
Zales,Reno,1142,#1142,5104 Meadowood Mall Cir,NV,89502
Zales,Blaine,1144,#1144,398 Northtown Dr Ne,MN,55434
Zales,Pensacola,1145,#1145,5100 N 9th Ave,FL,32504
Zales,Paramus,1147,#1147,700 Paramus Park,NJ,7652
Zales,Clearwater,1151,#1151,27001 Us 19 North Ste 91,FL,33761
Zales,Portland,1153,#1153,12000 Se 82nd Ave,OR,97266
Zales,Crystal River,1159,#1159,1801 Nw Hwy 19,FL,34428
Zales,Port Richey,1161,#1161,9409 Us Hwy 19 N,FL,34668
Zales,Monroe,1162,#1162,2115 W Roosevelt Blvd,NC,28110
Zales,Cambridge,1163,#1163,100 Cambridgeside Place,MA,2141
Zales,Tampa,1164,#1164,7924 Citrus Park Town Cen,FL,33625
Zales,Midland,1165,#1165,4511 N Midkiff Rd,TX,79705
Zales,Ogden,1166,#1166,3651 Wall Ave Ste K 3,UT,84405
Zales,Green Bay,1168,#1168,631 Bay Park Square Mall,WI,54304
Zales,Guaynabo,1169,#1169,San Patricio Roosevelt,PR,968
Zales,Durham,1170,#1170,1058 W Club Blvd,NC,27701
Zales,Calumet City,1171,#1171,96 River Oaks Center Dr,IL,60409
Zales,Mount Hope,1172,#1172,2 Crossroads Mall,WV,25880
Zales,Eureka,1173,#1173,3300 Broadway,CA,95501
Zales,Columbia,1174,#1174,7201 Two Notch Rd,SC,29223
Zales,Providence,1175,#1175,1 Providence Place,RI,2903
Zales,Providence,1175,#1175,1 Providence Place,RI,2903
Zales,Exton,1176,#1176,260 Exton Square,PA,19341
Zales,Annapolis,1178,#1178,1440 Annapolis Mall,MD,21401
Zales,Davenport,1179,#1179,320 West Kimberly Road,IA,52806
Zales,Pleasanton,1180,#1180,2441 Stoneridge Blvd,CA,94588
Zales,Portage,1181,#1181,6650 S Westnedge Ave,MI,49024
Zales,Lavale,1184,#1184,1262 Vocke Rd,MD,21502
Zales,Hialeah,1185,#1185,1665 West 49th St Unit,FL,33012
Zales,Canovanas,1186,#1186,Highway 66 Pr 3,PR,729
Zales,Brockton,1188,#1188,200 Westgate Drive,MA,2301
Zales,Denver,1189,#1189,3000 East 1st Avenue Ste,CO,80206
Zales,Crafton,1191,#1191,100 Robinson Centre Drive,PA,15205
Zales,Burlington,1193,#1193,480 A Burlington Square M,NC,27215
Zales,Oklahoma City,1194,#1194,2501 W Memorial Rd,OK,73134
Zales,Columbia,1195,#1195,10300 Little Patuxent Pky,MD,21044
Zales,Victoria,1196,#1196,149 Victoria Mall,TX,77904
Zales,Southaven,1197,#1197,6494 Towne Center Loop S,MS,38671
Zales,Wichita,1199,#1199,4600 W Kellogg Dr,KS,67209
Zales,Jackson,1201,#1201,1717 W Michigan Ave,MI,49202
Zales,Dothan,1205,#1205,900 Commons Drive,AL,36303
Zales,Pensacola,1208,#1208,5100 N 9th Ave,FL,32504
Zales,Jasper,1210,#1210,300 Hwy 78,AL,35501
Zales,Fairfield,1211,#1211,1350 Travis Blvd,CA,94533
Zales,Zanesville,1213,#1213,3575 Maple Ave,OH,43701
Zales,Killeen,1220,#1220,2100 S W S Young Dr,TX,76543
Zales,Baytown,1221,#1221,1600 San Jacinto Mall,TX,77521
Zales,Las Cruces,1222,#1222,700 S Telshor Blvd,NM,88011
Zales,Hanover,1235,#1235,1775 Washington St,MA,2339
Zales,El Cajon,1236,#1236,415 Parkway Plaza,CA,92020
Zales,Escondido,1237,#1237,200 E Via Rancho Parkway,CA,92025
Zales,Wilmington,1238,#1238,3500 Oleander Drive,NC,28403
Zales,Sterling,1240,#1240,21100 Dulles Town Circle,VA,20166
Zales,Colorado Springs,1241,#1241,1710 Briargate Blvd,CO,80920
Zales,Spotsylvania,1242,#1242,695 Spotsylvania Mall,VA,22407
Zales,Columbia,1244,#1244,10300 Little Patuxent Pky,MD,21044
Zales,Cheyenne,1245,#1245,1400 Del Range Blvd,WY,82009
Zales,Rio Piedras,1246,#1246,Winston Churchill Ave,PR,926
Zales,Plano,1249,#1249,811 N Central Expwy,TX,75075
Zales,Palm Desert,1250,#1250,72840 Hwy 111 K 9022,CA,92260
Zales,Panama City Beach,1252,#1252,101 Bluefish Drive Ste,FL,32413
Zales,Jacksonville,1253,#1253,333 Jacksonville Mall,NC,28546
Zales,Bloomington,1254,#1254,2996 E 3rd St,IN,47401
Zales,Hilo,1257,#1257,111 E Puainako Street,HI,96720
Zales,Nottingham,1258,#1258,8200 Perry Hall Blvd,MD,21236
Zales,Glenwood Springs,1260,#1260,51027 Hwy 6 24,CO,81601
Zales,La Crosse,1264,#1264,3800 State Road 16,WI,54601
Zales,Evansville,1265,#1265,800 N Green River Rd,IN,47715
Zales,Houston,1266,#1266,1664 Willowbrook Mall,TX,77070
Zales,Chesapeake,1267,#1267,1401 Greenbrier Parkway,VA,23320
Zales,Virginia Beach,1269,#1269,701 Lynnhaven Pkwy,VA,23452
Zales,Laughlin,1270,#1270,1955 So Casino Dr Ste 4,NV,89029
Zales,Brea,1271,#1271,1065 Brea Mall,CA,92821
Zales,Chicago Ridge,1273,#1273,531 Chicago Ridge Mall,IL,60415
Zales,Nashua,1274,#1274,310 Daniel Webster Hwy,NH,3060
Zales,Elizabeth,1275,#1275,651 Kapkowski Rd,NJ,7201
Zales,College Station,1277,#1277,1500 Harvey Rd,TX,77840
Zales,Austin,1279,#1279,2901 Capitol Of Texas Hwy,TX,78746
Zales,Orlando,1280,#1280,3293 E Colonial Dr,FL,32803
Zales,Lihue,1281,#1281,3 2600 Kaumualii Highway,HI,96766
Zales,Orange Park,1286,#1286,1910 Wells Rd,FL,32073
Zales,Charleston,1291,#1291,2070 Sam Rittenburg Blvd,SC,29407
Zales,National City,1292,#1292,3030 Plaza Bonita Rd,CA,91950
Zales,Butler,1293,#1293,1521 Main St,PA,16001
Zales,Salem,1295,#1295,99 Rockingham Park Blvd,NH,3079
Zales,Port Arthur,1298,#1298,3100 Highway 365,TX,77642
Zales,Waterbury,1301,#1301,495 Union St,CT,6706
Zales,Hot Springs,1304,#1304,4501 Central Ave,AR,71913
Zales,La Mesa,1307,#1307,5500 Grossmont Ctr Dr,CA,91942
Zales,Pasadena,1308,#1308,352 Pasadena Town Square,TX,77506
Zales,Santa Rosa,1309,#1309,2054 Santa Rosa Plaza,CA,95401
Zales,Kaneohe,1311,#1311,46 056 Kamehameha Hwy S,HI,96744
Zales,Alamogordo,1312,#1312,3199 N White Sands Blvd,NM,88310
Zales,Monaca,1314,#1314,358 Beaver Valley Mall,PA,15061
Zales,Saugus,1319,#1319,1201 Broadway,MA,1906
Zales,Manchester,1320,#1320,1500 S Willow Street,NH,3103
Zales,Dover,1321,#1321,1365 North Dupont Hwy,DE,19901
Zales,Fort Myers,1322,#1322,4125 Cleveland Ave K1,FL,33901
Zales,Littleton,1324,#1324,8501 W Bowles Ave,CO,80123
Zales,Sanford,1326,#1326,200 Towne Center Circle,FL,32771
Zales,Colorado Springs,1327,#1327,1710 Briargate Blvd,CO,80920
Zales,Bossier City,1328,#1328,2950 E Texas St,LA,71111
Zales,Fayetteville,1329,#1329,4201 Hwy 71 N,AR,72703
Zales,Savannah,1331,#1331,7804 Abercorn St,GA,31406
Zales,Albuquerque,1332,#1332,6600 Menaul Blvd Ne,NM,87110
Zales,Bethesda,1334,#1334,7101 Democracy Blvd,MD,20817
Zales,Casper,1337,#1337,601 Se Wyoming Blvd,WY,82609
Zales,Amarillo,1338,#1338,7701 I 40 West,TX,79121
Zales,Leominster,1339,#1339,Commercial Road,MA,1453
Zales,Marlborough,1340,#1340,601 Donald J Lynch Blvd,MA,1752
Zales,Missoula,1342,#1342,2901 Brooks Street,MT,59801
Zales,Melbourne,1344,#1344,1700 W New Haven Ave,FL,32904
Zales,Seattle,1349,#1349,2800 Southcenter Mall K,WA,98188
Zales,Bayamon,1350,#1350,725 W Main,PR,961
Zales,Valdosta,1351,#1351,1700 Norman Dr,GA,31601
Zales,Grand Forks,1354,#1354,2800 S Columbia Road,ND,58201
Zales,Miami,1355,#1355,19575 Biscayne Blvd,FL,33180
Zales,Harlingen,1356,#1356,2000 S Expressway 83,TX,78552
Zales,Columbus,1358,#1358,1404 Old Aberdeen Rd,MS,39701
Zales,Winchester,1359,#1359,1850 Apple Blossom Drive,VA,22601
Zales,Battle Creek,1360,#1360,5775 Beckley Rd,MI,49015
Zales,Towson,1364,#1364,825 Dulaney Valley Road,MD,21204
Zales,Yorktown Heights,1366,#1366,650 Lee Blvd,NY,10598
Zales,Palm Desert,1367,#1367,72840 Us Highway 111,CA,92260
Zales,Humble,1369,#1369,1326 Deerbrook Mall,TX,77338
Zales,Roswell,1370,#1370,4501 N Main St,NM,88201
Zales,Saint Augustine,1372,#1372,500 Belz Outlet Blvd,FL,32095
Zales,Louisville,1375,#1375,4801 Outer Loop,KY,40219
Zales,Enid,1376,#1376,4125 West Owen Garriott,OK,73703
Zales,Huntsville,1379,#1379,5901 University Dr W,AL,35806
Zales,Lakeland,1380,#1380,3800 U S Hwy 98 N,FL,33809
Zales,Hickory,1381,#1381,1960 Hwy 70 Se,NC,28602
Zales,Coral Springs,1384,#1384,9137 West Atlantic Blvd,FL,33071
Zales,Lakewood,1391,#1391,95 Lakewood Center Mall,CA,90712
Zales,Scranton,1392,#1392,100 Scranton Carbondale,PA,18508
Zales,Palmdale,1396,#1396,1233 W Avenue P,CA,93551
Zales,Monterey,1398,#1398,420 Del Monte Center,CA,93940
Zales,San Diego,1400,#1400,366 Horton Plaza Suite 22,CA,92101
Zales,Santa Fe,1403,#1403,P O Box 29796,NM,87505
Zales,Monroe,1404,#1404,4700 Milhaven Rd,LA,71203
Zales,San Antonio,1405,#1405,2310 Sw Military,TX,78224
Zales,Jacksonville,1409,#1409,10300 Southside Blvd,FL,32256
Zales,Laguna Hills,1411,#1411,24155 Laguna Hills Mall S,CA,92653
Zales,Kenner,1412,#1412,1401 W Esplanade Ave,LA,70065
Zales,Silverdale,1414,#1414,10315 Silverdale Way,WA,98383
Zales,Montclair,1415,#1415,5031 Montclair Plaza,CA,91763
Zales,Dothan,1416,#1416,900 Commons Dr,AL,36301
Zales,Clovis,1417,#1417,2809 N Prince,NM,88101
Zales,Columbia,1418,#1418,2300 Bernadette Dr,MO,65203
Zales,Peoria,1419,#1419,2200 W War Memorial Dr,IL,61613
Zales,North Charleston,1422,#1422,2150 Northwoods Blvd,SC,29406
Zales,Escondido,1423,#1423,307 North County Fair,CA,92025
Zales,Saint Cloud,1424,#1424,4201 W Division St,MN,56301
Zales,Orlando,1429,#1429,8001 S Orange Blossom Tra,FL,32809
Zales,Danbury,1430,#1430,7 Backus Ave,CT,6810
Zales,Saint Peters,1431,#1431,1600 Mid Rivers Mall,MO,63376
Zales,Alexandria,1434,#1434,3437 Masonic Dr,LA,71301
Zales,Bakersfield,1435,#1435,2701 Ming Ave,CA,93304
Zales,Clarksville,1437,#1437,2801 Wilma Rudolph Blvd,TN,37040
Zales,San Jose,1438,#1438,2855 Stevens Creek Blvd,CA,95128
Zales,Victorville,1440,#1440,14400 Bear Valley Rd,CA,92392
Zales,Westminster,1442,#1442,400 N Center St,MD,21157
Zales,Lake Charles,1444,#1444,462 W Prien Lake Rd,LA,70601
Zales,Chattanooga,1448,#1448,2100 Hamilton Place Blvd,TN,37421
Zales,Clarksville,1454,#1454,2801 Wilma Rudolph Blvd,TN,37040
Zales,Muskogee,1455,#1455,501 N Main St,OK,74401
Zales,Irving,1456,#1456,3880 Irving Mall,TX,75062
Zales,Bridgewater,1459,#1459,400 Commons Way,NJ,8807
Zales,Arlington,1460,#1460,3811 S Cooper St,TX,76015
Zales,Vienna,1465,#1465,K 9 Grand Central Mall,WV,26105
Zales,Barboursville,1467,#1467,1 Mall Rd,WV,25504
Zales,Mclean,1468,#1468,1961 Chain Bridge Road,VA,22102
Zales,Newport News,1469,#1469,12300 Jefferson Avenue,VA,23602
Zales,Watertown,1471,#1471,485 Arsenal Street,MA,2472
Zales,Lakeland,1472,#1472,3800 Us Hwy 98 North,FL,33809
Zales,Topeka,1474,#1474,1801 Sw Wanamaker Rd,KS,66604
Zales,Colonial Heights,1475,#1475,292 S Park Cir G5,VA,23834
Zales,North Attleboro,1476,#1476,999 S Washington,MA,2760
Zales,North Attleboro,1476,#1476,999 S Washington,MA,2760
Zales,Twin Falls,1477,#1477,1485 Pole Line Rd E,ID,83301
Zales,Manhattan,1479,#1479,100 Manhattan Town Center,KS,66502
Zales,Chesapeake,1483,#1483,4200 Portsmouth Blvd,VA,23321
Zales,Lewisville,1485,#1485,2401 S Stemmons Frwy,TX,75067
Zales,Council Bluffs,1487,#1487,1751 Madison Ave,IA,51503
Zales,Little Rock,1491,#1491,6000 W Markham St,AR,72205
Zales,Shawnee,1492,#1492,4901 N Kickapoo Ave,OK,74801
Zales,Littleton,1494,#1494,8501 West Bowles Avenue,CO,80123
Zales,Tampa,1499,#1499,8021 Citrus Pk Twn Ctr Ma,FL,33625
Zales,Dulles,1500,#1500,21100 Dulles Town Circle,VA,20166
Zales,Coral Springs,1501,#1501,9551 W Atlantic Blvd,FL,33071
Zales,Waldorf,1502,#1502,5000 Hwy 301 South,MD,20603
Zales,Arcadia,1504,#1504,400 S Baldwin Ave Ste 7,CA,91007
Zales,Hyannis,1506,#1506,Route 132,MA,2601
Zales,Coral Springs,1510,#1510,9193 W Atlantic Blvd,FL,33071
Zales,El Cajon,1511,#1511,603 Parkway Plaza,CA,92020
Zales,Augusta,1512,#1512,3450 Wrightsboro Road,GA,30909
Zales,Jacksonville,1513,#1513,10300 Southside Blvd,FL,32256
Zales,Savannah,1514,#1514,14045 Abercorn Extension,GA,31406
Zales,Palmdale,1515,#1515,1233 W Avenue P,CA,93551
Zales,Pembroke Pines,1516,#1516,11401 Pines Blvd,FL,33026
Zales,Brandon,1517,#1517,547a Brandon Towncenter,FL,33511
Zales,Fort Wayne,1518,#1518,4201 Coldwater Road,IN,46805
Zales,Mesa,1519,#1519,6555 E Southern Ave St,AZ,85206
Zales,Key West,1526,#1526,2730 North Roosevelt Blvd,FL,33040
Zales,Exton,1527,#1527,171 Exton Square Mall,PA,19341
Zales,Bay City,1528,#1528,4101 Wilder Road,MI,48706
Zales,Cleveland,1529,#1529,200 Paul Huff Pkwy,TN,37312
Zales,Riverside,1530,#1530,1334 Galleria At Tyler G,CA,92503
Zales,Omaha,1531,#1531,3001 S 144th St,NE,68144
Zales,West Mifflin,1532,#1532,440 Century Iii Mall,PA,15123
Zales,Fayetteville,1534,#1534,129 Cross Creek Mall,NC,28303
Zales,Mentor,1536,#1536,774 Great Lakes Mall,OH,44060
Zales,Memphis,1538,#1538,4465 Popular Ave,TN,38117
Zales,Richmond,1539,#1539,1404 N Parnham Rd,VA,23229
Zales,Glendale,1540,#1540,7700 W Arrowhead Towne Ce,AZ,85308
Zales,Poughkeepsie,1541,#1541,2001 South Road Ste C114,NY,12601
Zales,Henderson,1542,#1542,1300 W Sunset Road,NV,89014
Zales,Albuquerque,1543,#1543,10000 Coors Blvd Nw,NM,87114
Zales,The Woodlands,1544,#1544,1201 Lake Woodlands Drive,TX,77380
Zales,Sanford,1545,#1545,114 Towne Center Circle,FL,32771
Zales,King Of Prussia,1547,#1547,160 N Gulph Rd Ste 202,PA,19406
Zales,Pembroke Pines,1549,#1549,11401 Pines Blvd,FL,33026
Zales,Louisville,1550,#1550,5000 Shelbyville Road,KY,40207
Zales,Cedar Park,1551,#1551,11200 Lakeline Mall Dr,TX,78613
Zales,Grand Chute,1552,#1552,4301 W Wisconsin Ave,WI,54913
Zales,Aurora,1554,#1554,1464 Fox Valley Mall,IL,60504
Zales,Sacramento,1556,#1556,1689 Arden Way Ste 2156,CA,95815
Zales,Houston,1559,#1559,1000 West Oaks Mall 320,TX,77082
Zales,Goodlettsville,1560,#1560,1000 Two Mile Parkway,TN,37072
Zales,Sugar Land,1561,#1561,16535 Southwest Freeway,TX,77479
Zales,Kennesaw,1564,#1564,400 Ernest Barrett Parkwa,GA,30144
Zales,Vero Beach,1567,#1567,6200 20th Street,FL,32966
Zales,Flint,1571,#1571,3269 South Linden Road,MI,48507
Zales,Birmingham,1572,#1572,3000 Riverchase Galleria,AL,35244
Zales,Terre Haute,1574,#1574,Ste E 1 3401 S Us Hwy 4,IN,47802
Zales,Biloxi,1575,#1575,2600 Beach Blvd,MS,39531
Zales,Memphis,1576,#1576,2760 North Germantown Pkw,TN,38133
Zales,Sherman Oaks,1577,#1577,14006 Riverside,CA,91423
Zales,Elizabethtown,1581,#1581,1704 North Dixie Highway,KY,42701
Zales,Champaign,1585,#1585,2000 N Neil Street,IL,61820
Zales,Quincy,1586,#1586,3321 Quincy Mall,IL,62301
Zales,Springfield,1587,#1587,Wabash,IL,62704
Zales,South Burlington,1591,#1591,155 Dorset Street,VT,5403
Zales,Mount Hope,1594,#1594,43 Crossroad,WV,25880
Zales,Parkersburg,1595,#1595,312 Grand Central Mall,WV,26101
Zales,Charlottesville,1596,#1596,1596 E Rio Road,VA,22901
Zales,Lynchburg,1597,#1597,3405 Candlers Mountin Rd,VA,24502
Zales,Greensboro,1599,#1599,119 Four Seasons Town Cen,NC,27407
Zales,Raleigh,1601,#1601,4325 Glenwood Avenue,NC,27612
Zales,Gastonia,1602,#1602,North New Hope Rd,NC,28052
Zales,Hickory,1604,#1604,1960 Hwy 70 Se,NC,28602
Zales,Florence,1605,#1605,2701 David Mcleod Blvd,SC,29501
Zales,Greenville,1606,#1606,700 Haywood Rd,SC,29607
Zales,Gainesville,1607,#1607,6385 Newberry Road West,FL,32605
Zales,Farmington,1608,#1608,4601 East Main,NM,87401
Zales,Culver City,1610,#1610,6000 Sepulveda Blvd,CA,90230
Zales,Orlando,1617,#1617,8001 S Orange Blossom Tr,FL,32809
Zales,Mays Landing,1618,#1618,4403 Black Horse Pike,NJ,8330
Zales,Winston Salem,1620,#1620,3320 Silas Creek Pkwy,NC,27103
Zales,Baton Rouge,1621,#1621,Bluebonnet Hwy I 10,LA,70809
Zales,Ocoee,1623,#1623,9401 W Colonial Dr,FL,34761
Zales,Lone Tree,1624,#1624,8505 Park Meadows Ctr Dr,CO,80124
Zales,Charleston,1625,#1625,3000 Charleston Town Cent,WV,25389
Zales,Eatontown,1629,#1629,Route 35 36,NJ,7724
Zales,Marlborough,1631,#1631,601 Donald J Lynch Blvd,MA,1752
Zales,Lexington,1632,#1632,3401 Nicholasville Road,KY,40503
Zales,Dallas,1634,#1634,13350 Dallas Parkway Ste,TX,75240
Zales,Syracuse,1637,#1637,9686 Carousel Center Dr,NY,13290
Zales,Birmingham,1638,#1638,5012 Pinnacle Square Ste,AL,35235
Zales,El Paso,1640,#1640,6101 Gateway West,TX,79925
Zales,Miami,1641,#1641,8888 S W 136th Street,FL,33176
Zales,Johnson City,1643,#1643,601 635 Harry L Drive,NY,13790
Zales,York,1644,#1644,2899 Whiteford Road,PA,17402
Zales,Scranton,1645,#1645,718 Route 6 Scranton Carb,PA,18508
Zales,Wilkes Barre,1646,#1646,29 Wyoming Valley Mall,PA,18702
Zales,Farmington,1647,#1647,401 West Farms Mall,CT,6032
Zales,Cincinnati,1648,#1648,11700 Princeton Pike,OH,45246
Zales,Manassas,1649,#1649,8300 Sudley Road,VA,20109
Zales,Palm Beach Gardens,1650,#1650,3101 Pga Blvd,FL,33410
Zales,Montebello,1653,#1653,2080 Montebello Town Cent,CA,90640
Zales,El Centro,1654,#1654,3451 Dogwood Ave,CA,92243
Zales,Cincinnati,1656,#1656,9651 Colerain Ave,OH,45251
Zales,Slidell,1662,#1662,150 Northshore Blvd,LA,70460
Zales,Waterbury,1664,#1664,495 Union St,CT,6706
Zales,Independence,1665,#1665,2036 Independence Center,MO,64057
Zales,Erie,1666,#1666,5800 Peach St,PA,16565
Zales,Douglasville,1668,#1668,6700 Douglas Blvd,GA,30135
Zales,Spokane,1670,#1670,14700 E Indiana Ave,WA,99216
Zales,Richmond,1671,#1671,11500 Midlothian Turnpike,VA,23235
Zales,Calumet City,1673,#1673,96 River Oaks Center,IL,60409
Zales,Monroeville,1679,#1679,200 Monroeville Mall,PA,15146
Zales,Concord,1680,#1680,270 Loudon Road,NH,3301
Zales,West Nyack,1682,#1682,2571 Palisades Center Mal,NY,10994
Zales,Charlotte,1683,#1683,6801 Northlake Mall Dr,NC,28216
Zales,Tucson,1684,#1684,4500 North Oracle Road,AZ,85705
Zales,Franklin,1685,#1685,1800 Galleria Blvd,TN,37067
Zales,Livingston,1686,#1686,112 Eisenhower Parkway,NJ,7039
Zales,Edison,1687,#1687,Rt 1 Parsonage Rd,NJ,8837
Zales,Redondo Beach,1690,#1690,1815 Hawthorne Blvd,CA,90278
Zales,Canoga Park,1691,#1691,6600 Topanga Canyon Blvd,CA,91303
Zales,Wayne,1692,#1692,1707 Willowbrook Mall,NJ,7470
Zales,Albany,1693,#1693,1 Crossgates Mall Rd,NY,12203
Zales,Beaumont,1694,#1694,6155 Eastex Freeway,TX,77706
Zales,Massapequa,1696,#1696,619 Surise Mall,NY,11758
Zales,Dearborn,1697,#1697,18900 Michigan Ave 112,MI,48126
Zales,Cucamonga,1699,#1699,12487 S Main Street,CA,91729
Zales,Gaithersburg,1700,#1700,701 Russell Ave,MD,20877
Zales,Sterling Heights,1701,#1701,14600 Lakeside Circle,MI,48313
Zales,Trumbull,1707,#1707,5065 Main St,CT,6611
Zales,Traverse City,1708,#1708,3200 S Airport Road W,MI,49684
Zales,Fairfax,1710,#1710,11911 Fair Oaks Mall,VA,22033
Zales,Modesto,1712,#1712,3401 Dale Road Ste 511,CA,95356
Zales,Miami,1713,#1713,1455 Nw 107th Ave,FL,33172
Zales,Los Angeles,1714,#1714,10800 W Pico Blvd,CA,90064
Zales,Murfreesboro,1716,#1716,1720 Old Fort Parkway,TN,37129
Zales,Wyomissing,1719,#1719,1665 State Hill Rd Suite,PA,19610
Zales,Downey,1721,#1721,315 Stonewood St,CA,90241
Zales,Toledo,1722,#1722,5001 Monroe Street 368,OH,43623
Zales,Langhorne,1723,#1723,2300 E Lincoln Hwy,PA,19047
Zales,Lakewood,1724,#1724,7270 W Alaska Dr,CO,80226
Zales,Willow Grove,1725,#1725,2500 Moreland Road,PA,19090
Zales,Jensen Beach,1726,#1726,3174 Nw Federal Hwy Ste,FL,34957
Zales,Jersey City,1728,#1728,30 Mall Drive West,NJ,7310
Zales,Valencia,1730,#1730,24201 W Valencia Blvd,CA,91355
Zales,White Plains,1731,#1731,125 Westchester Avenue,NY,10601
Zales,Overland Park,1735,#1735,11561 W 95th St Ste 11,KS,66214
Zales,Bowling Green,1736,#1736,2625 Scottsville Rd,KY,42104
Zales,Brooklyn,1737,#1737,5176 Kings Plaza,NY,11234
Zales,Bay Shore,1738,#1738,1701 Sunrise Hwy,NY,11706
Zales,Bel Air,1740,#1740,676b Air Road Ste 10,MD,21014
Zales,Pottstown,1742,#1742,Route 724 100 Bypass,PA,19465
Zales,Caguas,1744,#1744,Pr 52 At Pr 156,PR,725
Zales,Simi Valley,1745,#1745,1555 Simi Town Center Way,CA,93063
Zales,Saint Joseph,1746,#1746,3702 Frederick Blvd,MO,64506
Zales,Hicksville,1748,#1748,105 Broadway Mall,NY,11801
Zales,Elmhurst,1750,#1750,90 15 Queens Blvd,NY,11373
Zales,Burlington,1755,#1755,2501 Mt Holly Rd,NJ,8016
Zales,Mankato,1756,#1756,1850 Adams Street,MN,56001
Zales,Fort Lauderdale,1757,#1757,2414 E Sunrise Blvd,FL,33304
Zales,Garden City,1758,#1758,630 Old Country Rd,NY,11530
Zales,Barboursville,1759,#1759,164 At Exit 20,WV,25504
Zales,Selinsgrove,1761,#1761,Routes 11 15,PA,17870
Zales,Midland,1763,#1763,6800 Eastman Ave,MI,48642
Zales,City Of Industry,1765,#1765,1600 Azusa,CA,91748
Zales,Leesburg,1766,#1766,10401 Us Highway 441,FL,34788
Zales,Medford,1767,#1767,1600 North Riverside Driv,OR,97501
Zales,Watertown,1769,#1769,21182 Salmon Run Mall Loo,NY,13601
Zales,St Clairsville,1771,#1771,67800 Mall Road,OH,43950
Zales,Eau Claire,1773,#1773,4800 Golf Road,WI,54701
Zales,Salisbury,1775,#1775,2300 N Salisbury Blvd,MD,21801
Zales,Hattiesburg,1776,#1776,1000 Turtle Creek Dr,MS,39402
Zales,Saint Peters,1777,#1777,1246 Mid Rivers Mall,MO,63376
Zales,Ashland,1781,#1781,500 Winchester Ave,KY,41101
Zales,Algonquin,1782,#1782,1920 South Randal Road,IL,60102
Zales,Puyallup,1783,#1783,3500 S Meridian St 984,WA,98373
Zales,Milford,1784,#1784,1201 Boston Post Road,CT,6460
Zales,New York,1790,#1790,417 5th Avenue,NY,10016
Zales,Bloomington,1792,#1792,E 240 Mall Of America,MN,55425
Zales,Daly City,1793,#1793,107b Serramonte Center,CA,94005
Zales,Newark,1794,#1794,311 Christiana Mall Road,DE,19702
Zales,Temecula,1796,#1796,40820 Winchester Rd Ste,CA,92591
Zales,Paducah,1798,#1798,5101 Hinkleville Rd Suit,KY,42001
Zales,Fresno,1800,#1800,535 East Shaw Dr,CA,93726
Zales,Burnsville,1802,#1802,2018 Burnsville Center,MN,55306
Zales,Peoria,1803,#1803,2200 W War Memorial,IL,61613
Zales,San Jose,1805,#1805,925 Blossom Hill Rd Ste,CA,95123
Zales,Buffalo,1806,#1806,A101-102 Walden Galleria,NY,14225
Zales,Brooklyn,1809,#1809,433-439 86TH STREET,NY,11209
Zales,Kansas City,1810,#1810,7116 Northwest 86th,MO,64153
Zales,Richmond Heights,1811,#1811,691 Richmond Road,OH,44143
Zales,New York,1814,#1814,2230 Broadway,NY,10024
Zales,Queensbury,1820,#1820,578 Aviation Mall Rd,NY,12804
Zales,Hagerstown,1821,#1821,17301 Valley Mall Rd,MD,21740
Zales,Frederick,1822,#1822,5500 Buckeytown Pike,MD,21703
Zales,Brandon,1825,#1825,615 Brandon Center Mall,FL,33511
Zales,Arlington,1826,#1826,1100 S Hayes St Sp T6,VA,22202
Zales,New York,1827,#1827,715 Lexington Ave Ste B,NY,10022
Zales,East Brunswick,1828,#1828,755 State Route 18,NJ,8816
Zales,Jamaica,1829,#1829,163-13 JAMAICA,NY,11432
Zales,Duluth,1830,#1830,1600 Miller Truck Hwy,MN,55811
Zales,Grandville,1831,#1831,3700 Rivertown Parkway So,MI,49418
Zales,Garland,1833,#1833,325 Cedar Sage Dr,TX,75040
Zales,Bellingham,1834,#1834,1 Bellis Fair Pkwy,WA,98226
Zales,Jonesboro,1838,#1838,3000 East Highland Drive,AR,72401
Zales,Wilton,1842,#1842,3065 Route 50,NY,12866
Zales,Fond Du Lac,1843,#1843,835 W Johnson Street,WI,54935
Zales,Greenville,1844,#1844,1651 Highway 1 South,MS,38701
Zales,Sterling,1846,#1846,21100 Dulles Town Circle,VA,20166
Zales,Buford,1847,#1847,3333 Buford Dr,GA,30519
Zales,San Diego,1856,#1856,1640 Camino Del Rio North,CA,92108
Zales,Mission Viejo,1859,#1859,27000 Crown Valley Pkwy,CA,92691
Zales,Panama City,1862,#1862,2150 N Cove Blvd,FL,32405
Zales,Chambersburg,1863,#1863,646 Chambersburg Mall,PA,17201
Zales,Wilmington,1864,#1864,4737 Concord Pike,DE,19803
Zales,Christiansburg,1871,#1871,710 New River Road Nw,VA,24073
Zales,Rochester,1872,#1872,681 Miracle Mile Drive,NY,14623
Zales,Norfolk,1873,#1873,300 Monticello Ave 113,VA,23510
Zales,Novi,1875,#1875,27492 Novi Rd,MI,48377
Zales,Moline,1878,#1878,4500 16th Street,IL,61265
Zales,Schaumburg,1880,#1880,Woodfield Mall G301,IL,60173
Zales,Bloomington,1882,#1882,1615 East Empire,IL,61701
Zales,Aiken,1884,#1884,348 Aiken Mall Suite 191,SC,29803
Zales,Chula Vista,1886,#1886,2015 Birch Road,CA,91913
Zales,Chicago,1887,#1887,2754 N Clybourn,IL,60614
Zales,Staten Island,1889,#1889,2655 Richmond Avenue,NY,10314
Zales,Decatur,1891,#1891,1801 Beltline Rd Sw,AL,35601
Zales,Norman,1892,#1892,3349 W Main St,OK,73072
Zales,Burbank,1894,#1894,201 E Magnolia Blvd St,CA,91502
Zales,Harrisonburg,1896,#1896,1925 E Market Street,VA,22801
Zales,Plano,1897,#1897,6121 W Park Blvd Ste C,TX,75093
Zales,Wellington,1899,#1899,10300 W Forest Hill Blvd,FL,33414
Zales,Collierville,1900,#1900,4680 Merchants Park Circl,TN,38017
Zales,Frisco,1901,#1901,2601 Preston Rd Ste 101,TX,75034
Zales,Cary,1904,#1904,1105 Walnut St,NC,27511
Zales,Muskegon,1905,#1905,5600 Harvey St Ste 1086,MI,49444
Zales,Rogers,1906,#1906,2203 Promenade Blvd Ste,AR,72758
Zales,Visalia,1909,#1909,2181 S Mooney Blvd 141,CA,93277
Zales,Burlington,1910,#1910,49 Church St Sp 2022,VT,5401
Zales,Roanoke,1914,#1914,4802 Valley View Blvd N,VA,24012
Zales,Lithonia,1916,#1916,2929 Turner Hill Rd Ste,GA,30038
Zales,Bowie,1919,#1919,15456 Emerald Way C01,MD,20716
Zales,Dalton,1923,#1923,2150 E Walnut Ave,GA,30721
Zales,Eden Prairie,1926,#1926,8251 Flying Cloud Dr Ste,MN,55344
Zales,Pineville,1927,#1927,11025 Carolina Place Pkwy,NC,28134
Zales,Bridgeport,1929,#1929,2399 Meadowbrook Mall,WV,26330
Zales,Beavercreek,1930,#1930,2727 Fairfield Commons,OH,45431
Zales,Rochester,1931,#1931,333 Apache Mall,MN,55902
Zales,Merrillville,1932,#1932,2304 Southlake Mall,IN,46410
Zales,Chicago,1934,#1934,7601 S Cicero Ave Sp 1,IL,60652
Zales,Prescott,1935,#1935,3250 Gateway Blvd Ste 1,AZ,86303
Zales,Shreveport,1938,#1938,1133 St Vincent Ave,LA,71104
Zales,Chandler,1940,#1940,3111 W Chandler Blvd 20,AZ,85226
Zales,Myrtle Beach,1941,#1941,912 Coastal Grand,SC,29577
Zales,Lake Grove,1942,#1942,240 Smiith Haven Mall,NY,11755
Zales,Sebring,1945,#1945,901 Us Highway 27 N,FL,33870
Zales,Blaine,1946,#1946,182 Northtown Drive,MN,55434
Zales,Olympia,1949,#1949,625 Black Lake Blvd,WA,98502
Zales,Canton,1950,#1950,4306 Belden Mall,OH,44718
Zales,San Antonio,1951,#1951,849 E Commerce St Ste,TX,78205
Zales,Raleigh,1952,#1952,5959 Triangle Town Blvd,NC,27616
Zales,Enfield,1955,#1955,90 Elm St 49c,CT,6082
Zales,Pittsburgh,1956,#1956,1250 Robinson Centre Dr,PA,15205
Zales,Ridgeland,1962,#1962,1200 E County Line Rd S,MS,39157
Zales,Hayward,1964,#1964,530 Southland Mall,CA,94545
Zales,San Antonio,1965,#1965,15900 La Cantera Pwky,TX,78256
Zales,Norridge,1966,#1966,4122 E N Harlem Ave,IL,60706
Zales,West Des Moines,1967,#1967,101 Jordan Creek Parkway,IA,50266
Zales,Yuma,1968,#1968,1401 S Yuma Palms Pkwy,AZ,85365
Zales,Humble,1970,#1970,6721 Fm 1960e,TX,77346
Zales,Swansea,1972,#1972,262 Swansea Mall Dr,MA,2777
Zales,Manchester,1973,#1973,1500 S Willow Street,NH,3103
Zales,Braintree,1974,#1974,250 Granite St,MA,2184
Zales,Natick,1975,#1975,1245 Worcester St,MA,1760
Zales,Burlington,1976,#1976,75 Middlesex St,MA,1803
Zales,Newington,1977,#1977,50 Fox Run Rd Ste 94,NH,3801
Zales,Warwick,1978,#1978,400 Bald Hill Rd Ste 168,RI,2886
Zales,Nashua,1979,#1979,310 Daniel Webster Hwy,NH,3060
Zales,Waterford,1981,#1981,850 Hartford Turnpike,CT,6385
Zales,North Attleboro,1983,#1983,999 S Washington Suite 1,MA,2760
Zales,Manchester,1985,#1985,194 Buckland Hills Dr,CT,6040
Zales,Salem,1986,#1986,99 Rockingham Park Blvd,NH,3079
Zales,Peabody,1987,#1987,210 Andover St,MA,1960
Zales,Saugus,1989,#1989,1201 Broadway,MA,1906
Zales,Astoria,1990,#1990,3107 Steinway Street,NY,11103
Zales,Loveland,1992,#1992,5971 Sky Pond Dr Ste C,CO,80538
Zales,Hialeah,1993,#1993,1665 W 49th Street Sp,FL,33012
Zales,Bronx,1994,#1994,1480 METROPOLITAN,NY,10462
Zales,Yonkers,1995,#1995,36 Mall Walk,NY,10704
Zales,Milwaukee,1998,#1998,5900 N Port Washington R,WI,53217
Zales,Portland,2401,#2401,12000se 82nd Ave Ste 1,OR,97266
Zales,Bellingham,2404,#2404,1 Bellis Fair Parkway,WA,98226
Zales,Eugene,2406,#2406,293 Valley River Center,OR,97401
Zales,Valdosta,2407,#2407,1700 Norman Drive Po Box,GA,31601
Zales,Brunswick,2408,#2408,301 Mall Blvd Sp K 2,GA,31525
Zales,San Bruno,2413,#2413,1150 El Camino Real Spac,CA,94066
Zales,Natick,2415,#2415,1245 Worcester St,MA,1760
Zales,Traverse City,2416,#2416,3200 South Airport Rd Wes,MI,49684
Zales,Tarentum,2419,#2419,1500 Washington Rd,PA,15084
Zales,San Juan,2421,#2421,525 F D Roosevelt Ave,PR,918
Zales,Woodbridge,2423,#2423,2700 Potomac Mills Circle,VA,22192
Zales,Everett,2427,#2427,1402 Se Everett Mall Way,WA,98208
Zales,Sioux City,2428,#2428,4400 Sergant Road,IA,51106
Zales,Johnson City,2432,#2432,2011 North Roan Street,TN,37601
Zales,Eatontown,2433,#2433,180 State Road Rt 35 S,NJ,7724
Zales,Las Vegas,2436,#2436,7400 Las Vegas Blvd S Sp,NV,89123
Zales,Miami,2450,#2450,7535 N Kendall Drive,FL,33156
Zales,Hicksville,2452,#2452,1100 Broadway Mall K 350,NY,11801
Zales,Wilmington,2454,#2454,3500 Oleander Drive,NC,28403
Zales,Enfield,2455,#2455,90 Elm Street,CT,6082
Zales,Hialeah,2457,#2457,1685 West 49th St Unit,FL,33012
Zales,Canovanas,2458,#2458,Highway 66 Pr 3,PR,729
Zales,Elyria,2459,#2459,4460 Midway Mall,OH,44035
Zales,Woodbridge,2460,#2460,250 Woodbridge Center Dri,NJ,7095
Zales,Paramus,2461,#2461,1 Garden State Plaza,NJ,7652
Zales,Crafton,2462,#2462,100 Robinson Centre Drive,PA,15205
Zales,Newark,2465,#2465,715 Christiana Mall,DE,19702
Zales,White Plains,2475,#2475,100 Main Street,NY,10601
Zales,Ferndale,2476,#2476,7900 Ritchie Hwy,MD,21061
Zales,Nashua,2478,#2478,310 Daniel Webster Hwy,NH,3060
Zales,Brooklyn,2483,#2483,5336 Flatbush Ave,NY,11234
Zales,Santa Rosa,2485,#2485,1071 Santa Rosa Plz K 1,CA,95401
Zales,Sterling Heights,2487,#2487,14600 Lakeside Mall,MI,48313
Zales,Raleigh,2488,#2488,5959 Triangle Town Blvd,NC,27616
Zales,Fairfax,2491,#2491,11750 Fair Oaks,VA,22033
Zales,Gaithersburg,2492,#2492,701 Russell Avenue,MD,20877
Zales,Muskegon,2493,#2493,5600 Harvey St,MI,49444
Zales,Richmond,2494,#2494,2200 Hilltop Mall Road,CA,94806
Zales,Hatillo,2495,#2495,506 Truncado St,PR,659
Zales,Sunrise,2496,#2496,Sawgrass Mills,FL,33323
Zales,Sunrise,2496,#2496,Sawgrass Mills,FL,33323
Zales,Tempe,2498,#2498,5000 Arizona Mills Circle,AZ,85282
Zales,Concord,2502,#2502,1480 N Concord Parkway,NC,28025
Zales,Schaumburg,2508,#2508,5 Woodfield Shopping Cent,IL,60173
Zales,Grand Rapids,2509,#2509,3195 28th Street Se,MI,49512
Zales,Rio Piedras,2510,#2510,Parana Ave Corner Of Wins,PR,929
Zales,Bloomingdale,2514,#2514,112 Stratford Square Mall,IL,60108
Zales,Baltimore,2517,#2517,8200 Perry Hill Blvd,MD,21236
Zales,Newport News,2518,#2518,12300 Jefferson Ave K D,VA,23602
Zales,Pueblo,2520,#2520,3429 Dillon Dr,CO,81008
Zales,Bel Air,2521,#2521,696 A Bel Air Road,MD,21014
Zales,Wayne,2522,#2522,1955 Willowbrook Mall,NJ,7470
Zales,Las Vegas,2523,#2523,3528 S Maryland Pkwy,NV,89109
Zales,Las Vegas,2524,#2524,4300 Meadows Lane,NV,89107
Zales,Gurnee,2526,#2526,6170 W Grand Ave,IL,60031
Zales,Danvers,2527,#2527,100 Independence Way,MA,1923
Zales,Elmhurst,2532,#2532,90 15 Queens Blvd,NY,11373
Zales,Elmhurst,2532,#2532,90 15 Queens Blvd,NY,11373
Zales,Towson,2535,#2535,825 Dulaney Valley Rd,MD,21204
Zales,San Jose,2536,#2536,925 Blossom Hill Rd,CA,95123
Zales,Temecula,2538,#2538,40820 Winchester Rd,CA,92591
Zales,Cherry Hill,2542,#2542,2000 Route Ste 1763,NJ,8002
Zales,Mesa,2543,#2543,1445 W Southern Avenue S,AZ,85202
Zales,Farmington,2544,#2544,4601 East Main Street,NM,87402
Zales,Fairfield,2548,#2548,1350 Travis Blvd,CA,94533
Zales,Clearwater,2549,#2549,27001 Us Hwy 19 N,FL,33761
Zales,Chandler,2550,#2550,3111 W Chander Blvd,AZ,85226
Zales,Bloomington,2553,#2553,103 South Avrnue,MN,55425
Zales,Philadelphia,2554,#2554,1345 Franklin Mills Cente,PA,19154
Zales,Staten Island,2555,#2555,2655 Richmond Ave,NY,10314
Zales,Staten Island,2555,#2555,2655 Richmond Ave,NY,10314
Zales,Roseville,2556,#2556,1151 Galleria Blvd,CA,95678
Zales,Kennesaw,2557,#2557,400 Ernest Barrett Pkwy,GA,30144
Zales,Atlanta,2558,#2558,4400 Ashford Dunwoody Rd,GA,30346
Zales,Katy,2561,#2561,5000 Katy Mills Circle,TX,77494
Zales,Lawrenceville,2564,#2564,5900 Sugarloaf Parkway,GA,30043
Zales,Carolina,2566,#2566,Fragoso Ave Vella Fontana,PR,983
Zales,Valencia,2568,#2568,24201 W Valencia Blvd,CA,91355
Zales,Burnsville,2569,#2569,Proposed,MN,55306
Zales,Buford,2572,#2572,3333 Buford Drive,GA,30519
Zales,Charleston,2574,#2574,3000 Charleston Town Cent,WV,25389
Zales,Newark,2576,#2576,2086 New Park Mall,CA,94560
Zales,Concord,2577,#2577,8111 Concord Mills Boulev,NC,28027
Zales,South Portland,2585,#2585,364 Maine Mall Rd,ME,4106
Zales,Vega Alta,2587,#2587,State Rd 2 Km 29 7,PR,692
Zales,Vega Alta,2588,#2588,St Rd 2 Km 29 7 Sp K1,PR,692
Zales,Warwick,2589,#2589,400 Bald Hill Rd,RI,2886
Zales,Virginia Beach,2592,#2592,701 Lynnhaven Pkwy,VA,23452
Zales,Broomfield,2595,#2595,1 W Flatiron Circle,CO,80021
Zales,Atlanta,2596,#2596,1000 Cumberland Mall,GA,30339
Zales,West Dundee,2597,#2597,6579 Spring Hill Mall,IL,60118
Zales,South Burlington,2598,#2598,155 Dorset St,VT,5403
Zales,Garden City,2600,#2600,630 Old Country Road,NY,11530
Zales,Plattsburgh,2602,#2602,60 Smithfield Blvd,NY,12901
Zales,Gallup,2603,#2603,1300 West I 40 Front Road,NM,87301
Zales,Jackson,2610,#2610,1154 Jackson Crossing Mal,MI,49202
Zales,Christiansburg,2613,#2613,New River Valley,VA,24073
Zales,Hanover,2614,#2614,Arundel Mills,MD,21076
Zales,Wellington,2615,#2615,The Mall @ Wellington Green,FL,33414
Zales,Reno,2616,#2616,Meadowood Mall,NV,89502
Zales,Mesa,2617,#2617,Superstition Springs,AZ,85206
Zales,Louisville,2618,#2618,St. Matthew Mall,KY,40207
Zales,West Nyack,2619,#2619,Palisades Center,NY,10994
Zales,Freehold,2621,#2621,3710 Route 9 Sp K1014,NJ,7728
Zales,Livingston,2646,#2646,112 Eisenhower Pkwy Sp,NJ,7039
Zales,San Antonio,2649,#2649,849 East Commerce,TX,78205
Zales,Burbank,2651,#2651,201 East Magnolia Blvd S,CA,91502
Zales,Beavercreek,2652,#2652,2427 Fairfield Commons Dr,OH,45431
Zales,Mobile,2655,#2655,3498 K Bel Air Mall,AL,36606
Zales,Bronx,2659,#2659,254 E. Fordham Rd.,NY,10458
Zales,Dallas,2660,#2660,8701 John Carpenter Frwy,TX,75247
Zales,Orlando,2661,#2661,4957 International Dr S,FL,32819
Zales,Philadelphia,2662,#2662,1777 Franklin Mills Cir,PA,19154
Zales,Prince William,2663,#2663,2700 Potomac Mills Circle,VA,22192
Zales,Cypress,2668,#2668,29300 Hempstead Rd Ste,TX,77433
Zales,Arlington,2676,#2676,4101 South Cooper St St,TX,76015
Zales,Grapevine,2678,#2678,3000 Grapevine Mills Pkwy,TX,76051
Zales,Barceloneta,2680,#2680,1 Prime Outlets Blvd,PR,617
Zales,Castle Rock,2681,#2681,5050 Factory Shops Road,CO,80108
Zales,Gainesville,2682,#2682,4321 North Ih 35 Ste 170,TX,76240
Zales,San Marcos,2683,#2683,3939 Ih 35 South Center,TX,78666
Zales,Lancaster,2684,#2684,100 Stanley K Tanger Blv,PA,17602
Zales,Katy,2685,#2685,25800 Katy Frwy Ste 319,TX,77494
Zales,Gilroy,2686,#2686,8155 Arroyo Circle,CA,95020
Zales,Folsom,2688,#2688,13000 Folsom Blvd,CA,95630
Zales,Tucson,2689,#2689,7401 N Lacholla Blvd,AZ,85741
Zales,Tempe,2690,#2690,5000 Arizona Mills Circle,AZ,85282
Zales,Concord,2691,#2691,8111 Concord Mills Blvd,NC,28027
Zales,Sevierville,2692,#2692,1645 Parkway,TN,37862
Zales,Commerce,2693,#2693,800 Steven B Tanger Blvd,GA,30529
Zales,Park City,2695,#2695,6699 North Landmark Dr,UT,84098
Zales,Lincoln City,2696,#2696,1500 Se East Devils Lake,OR,97367
Zales,Foley,2698,#2698,2601 S Mckenzie St,AL,36535
Zales,Miami,2699,#2699,11401 Nw 12th St,FL,33172
Zales,Wrentham,2703,#2703,One Premium Outlets Blvd,MA,2093
Zales,Orlando,2704,#2704,8200 Vineland Ave,FL,32821
Zales,Silverthorne,2706,#2706,135b Stephens Way,CO,80498
Zales,Birch Run,2709,#2709,12158 Beyers Road,MI,48415
Zales,Cedar Hill,2710,#2710,715 N Hwy 67 Ste 240,TX,75104
Zales,Leesburg,2711,#2711,241 Fort Evans Rd,VA,20176
Zales,Flower Mound,2712,#2712,6101 Long Prairie Rd St,TX,75028
Zales,Dawsonville,2714,#2714,800 Hwy 400 South Dte 96,GA,30534
Zales,Kissimmee,2715,#2715,"2669 W. Osceola Pkwy., Sp. B-1",FL,34741
Zales,Camarillo,2716,#2716,740 E Ventura Blvd,CA,93010
Zales,Central Valley,2718,#2718,443 Evergreen Court,NY,10917
Zales,Waco,2719,#2719,2704 W Loop 340,TX,76711
Zales,Saint Augustine,2720,#2720,"500 Prime Outlet Blvd.,Ste 295",FL,32095
Zales,Hershey,2721,#2721,55 Outlet Square,PA,17033
Zales,Auburn,2722,#2722,1101 Supermall Way,WA,98001
Zales,Elizabeth,2723,#2723,651 Kapkowski Rd Ste 24,NJ,7201
Zales,Lebanon,2724,#2724,One Outlet Village Blvd,TN,37090
Zales,Nashville,2726,#2726,228 Opry Mills Dr Ste 6,TN,37214
Zales,Ontario,2727,#2727,1 East Mills Circle,CA,91764
Zales,Gurnee,2728,#2728,6170 W Grand Ave Ste 6,IL,60031
Zales,Auburn Hills,2731,#2731,4690 Baldwin Rd Ste 915,MI,48326
Zales,Osage Beach,2737,#2737,4540 Hwy 54 Ste Bb6,MO,65065
Zales,Branson,2738,#2738,300 Tanger Blvd Ste 30,MO,65616
Zales,Aurora,2739,#2739,549 S Chillicothe Rd S,OH,44202
Zales,Ellenton,2740,#2740,5581 Factory Shoppes Blvd,FL,34222
Zales,Grove City,2741,#2741,1911 Leesburg Grove Cit,PA,16127
Zales,Hanover,2745,#2745,Sp 449,MD,21076
Zales,Riverhead,2746,#2746,Tanger Drive Ste 209 Sp,NY,11901
Zales,North Conway,2747,#2747,Rt 16 North Space B18 B,NH,3860
Zales,Gettysburg,2749,#2749,1863 Gettysburg Village D,PA,17325
Zales,Tulare,2750,#2750,1415 Retherford Ste D160,CA,93274
Zales,Edinburgh,2753,#2753,Suite A080,IN,46124
Zales,Fort Myers,2755,#2755,20350 Summerlin Road,FL,33908
Zales,Miramar Beach,2756,#2756,10562 Emerald Coast Parkw,FL,32550
Zales,Houston,2758,#2758,6803 Highway 6 N,TX,77084
Zales,Sunrise,2759,#2759,12801 W Sunrise Blvd,FL,33323
Zales,Gonzales,2762,#2762,2200 Tanger Blvd Ste 1,LA,70737
Zales,San Diego,2763,#2763,4345 Camino De La Plaza,CA,92173
Zales,Carlsbad,2764,#2764,5600 Paseo Dr Nel Norte,CA,92008
Zales,Waterloo,2766,#2766,655 Route 318 Ste 29,NY,13165
Zales,Locust Grove,2767,#2767,1000 Tanger Drive,GA,30248
Zales,North Branch,2770,#2770,38500 Tanger Dr Ste 270,MN,55056
Zales,Rehoboth Beach,2777,#2777,36706 Bayside Dr Ste 46,DE,19971
Zales,Williamsburg,2779,#2779,5709 72 Richmond Rd,VA,23188
Zales,Clinton,2780,#2780,20 A Killingworth Turnpik,CT,6413
Zales,Johnson Creek,2782,#2782,575 West Linmar Lane,WI,53038
Zales,Allen,2783,#2783,820 W Stacy Rd Ste 148,TX,75013
Zales,Smithfield,2784,#2784,1221 Industrial Park Dr,NC,27577
Zales,Tinton Falls,2786,#2786,"One Premium Outlet Blvd., Ste",NJ,7753
Zales,Gulfport,2787,#2787,10000 Factory Shoppes Blv,MS,39503
Zales,Lakewood,2788,#2788,14500 Colfax Ave Ste 22,CO,80401
Zales,Lawrenceville,2789,#2789,5900 Sugarloaf Parkway,GA,30043
Zales,Las Vegas,2790,#2790,7400 Las Vegas Blvd South,NV,89123
Zales,Woodburn,2794,#2794,1001 N Amey Road Ste 83,OR,97071
Zales,Flemington,2795,#2795,1 Church St Ste 78,NJ,8822
Zales,Missouri City,2797,#2797,5730 Hwy 6 Space 110,TX,77459
Zales,Commerce,2798,#2798,100 Citadel Dr #428,CA,90040
Zales,Pearland,2801,#2801,3105 Silverlake Village D,TX,77584
Zales,Aurora,2802,#2802,1650 Premium Outlets Blvd,IL,60504
Zales,Las Vegas,2803,#2803,855 Grand Central Prkwy,NV,89106
Zales,Houston,2804,#2804,22513 State Highway 249,TX,77070
Zales,Howell,2805,#2805,1475 N Burkhart Road St,MI,48855
Zales,Limerick Township,2808,#2808,18 Lightcap Rd Ste 741,PA,19468
Zales,Burleson,2809,#2809,1185 Burleson Blvd Ste,TX,76028
Zales,Mansfield,2810,#2810,1811 Us Hwy 287 N,TX,76063
Zales,Fort Worth,2811,#2811,4701 West Freeway,TX,76107
Zales,Austin,2812,#2812,12901 N I 35,TX,78753
Zales,Sunset Valley,2813,#2813,5601 Brodie Ln,TX,78745
Zales,North Charleston,2814,#2814,4840 Tanger Outlet Blvd,SC,29418
Zales,San Antonio,2815,#2815,18130 Us Hwy 281 N,TX,78232
Zales,Watauga,2817,#2817,7604 Denton Hwy,TX,76148
Zales,Southlake,2818,#2818,2960 E Southlake Blvd,TX,76092
Zales,Hazelwood,2819,#2819,5555 St Louis Mills Rd,MO,63042
Zales,Shenandoah,2824,#2824,19075 Interstate 45,TX,77385
Zales,Albertville,2825,#2825,6415 Labeaux Ave,MN,55301
Zales,Webster,2830,#2830,1241 West Bay Area Blvd.,TX,77598
Zales,San Antonio,2831,#2831,11631 Bandera Rd,TX,78250
Zales,Orlando,2833,#2833,677 N Alafaya Tr,FL,32828
Zales,Jacksonville,2839,#2839,4624 Town Crossing Drive,FL,32246
Zales,Princeton,2840,#2840,680 Nassau Park Blvd,NJ,8540
Zales,Jackson,2847,#2847,537 Monmouth Rd Rt 537,NJ,8527
Zales,Tulalip,2851,#2851,10600 Quil Ceda Blvd Sp,WA,98271
Zales,Round Rock,2852,#2852,4401 North Ih 35 Suite 74,TX,78664
Zales,Cabazon,2855,#2855,48400 Seminole Drive,CA,92230
Zales,Waipahu,2856,#2856,"94-790 Lumiaina, Ste 112",HI,96797
Zales,Saint Augustine,2857,#2857,2700 State Rd 16,FL,32092
Zales,Michigan City,2858,#2858,602 Lighthouse Place,IN,46360
Zales,Troutdale,2859,#2859,450 Nw 257th Way,OR,97060
Zales,Vacaville,2860,#2860,131 Nut Tree Road,CA,95687
Zales,Mercedes,2861,#2861,5001 East Expressway,TX,78570
Zales,Deer Park,2862,#2862,412 The Arches Circle,NY,11729
Zales,North Little Rock,2864,#2864,4000 Mccain Blvd,AR,72116
Zales,Rockwall,2865,#2865,991 East I 30 Ste Ara12,TX,75087
Zales,Rosenberg,2871,#2871,"24701 Southwest Fwy.,Ste 100",TX,77471
Zales,Cedar Park,2872,#2872,1335 East Whitestone Blvd.,TX,78613
Zales,Richmond,2883,#2883,5530 W. Grand Parkway South St,TX,77469
Zales,Southlake,2890,#2890,The Shops At Southlake,TX,76092
Zales,Kansas City,2891,#2891,Legends Kansas City Outlets,KS,66111
Zales,Chandler,2894,#2894,4976 Premium Outlet Way Ste 44,AZ,85226
Zales,Westminster,2967,#2967,14587 Delaware St Ste 6,CO,80020
Zales,Gretna,2970,#2970,197 Westbank Expressway,LA,70053
Zales,York,4005,#4005,2899 Whiteford Rd Sp 17,PA,17402
Zales,Miami,4007,#4007,8888 Sw 136th Str,FL,33176
Zales,Frisco,4031,#4031,2601 Preston Road,TX,75034
Zales,Morrow,4035,#4035,1000 Southlake Mall,GA,30260
Zales,Littleton,4051,#4051,8501 W Bowles Ave,CO,80123
Zales,Newark,4056,#4056,604 Christiana Mall Road,DE,19702
Zales,Chesapeake,4059,#4059,4200 Portsmouth Blvd St,VA,23321
Zales,West Nyack,4061,#4061,1420 Palisades Center Dr,NY,10994
Zales,Birmingham,4062,#4062,2000 281 Riverchase Galle,AL,35244
Zales,San Antonio,4068,#4068,15900 La Cantera Pkwy,TX,78256
Zales,Plantation,4069,#4069,8000 West Broward Blvd,FL,33388
Zales,Caguas,4071,#4071,State Rd 52 Rd 156 270,PR,725
Zales,Wellington,4077,#4077,10300 W Forest Hill Blvd,FL,33414
Zales,Elmhurst,4078,#4078,90 15 Queens Blvd,NY,11373
Zales,Birmingham,4083,#4083,735 Brookwood Village,AL,35209
Zales,Middletown,4090,#4090,1 N Galleria Dr,NY,10941
Zales,Jonesboro,4095,#4095,3000 East Highland Drive,AR,72401
Zales,Sanford,4101,#4101,245 Towne Center Circle,FL,32771
Zales,Rogers,4115,#4115,2203 Promenade Blvd Ste,AR,72758
Zales,Carolina,4117,#4117,65 Infantry Fragoso,PR,983
Zales,Gretna,4124,#4124,197 33 Westbank Expresswa,LA,70053
Zales,Biloxi,4137,#4137,2600 Beach Blvd,MS,39531
Zales,Bakersfield,4166,#4166,2701 Ming Ave,CA,93304
Zales,Bensalem,4175,#4175,121 Neshaminy,PA,19020
Zales,Houma,4179,#4179,5953 W Park Ave,LA,70364
Zales,Pensacola,4200,#4200,5100 N 9th Ave,FL,32504
Zales,Mesquite,4205,#4205,1052 Town East Mall,TX,75150
Zales,Lake Charles,4210,#4210,524 W Prien Lake Rd,LA,70601
Zales,Wilmington,4211,#4211,4737 Concord Pike,DE,19803
Zales,Fayetteville,4214,#4214,4201 Hwy 71 N,AR,72703
Zales,North Little Rock,4224,#4224,3929 Mccain Blvd,AR,72116
Zales,Beaumont,4225,#4225,6155 Eastex Freeway,TX,77706
Zales,Houston,4226,#4226,552 Almeda Mall,TX,77075
Zales,Alexandria,4230,#4230,3489 Masonic Dr,LA,71301
Zales,Phoenix,4238,#4238,9617 N Metro Parkway St,AZ,85051
Zales,El Paso,4263,#4263,8401 Gateway Blvd W,TX,79925
Zales,Fayetteville,4265,#4265,240 Cross Creek Mall,NC,28303
Zales,Erie,4278,#4278,740 Millcreek Mall,PA,16565
Zales,Houston,4282,#4282,202 Memorial City Shoppin,TX,77024
Zales,Albuquerque,4286,#4286,6600 Menaul Blvd Ne,NM,87110
Zales,Baton Rouge,4293,#4293,8961 The Mall At Cortana,LA,70815
Zales,Lubbock,4304,#4304,6002 Slide Rd,TX,79414
Zales,North Wales,4307,#4307,148 Montgomery Mall,PA,19454
Zales,Laredo,4313,#4313,5300 San Dario Avenue,TX,78041
Zales,Burnsville,4315,#4315,14204 Burnhaven Drive,MN,55306
Zales,Longview,4327,#4327,3500 Mccann Road,TX,75605
Zales,Friendswood,4334,#4334,1092 Baybrook Mall,TX,77546
Zales,Las Vegas,4336,#4336,4300 Meadows Lane Ste 273,NV,89107
Zales,Texarkana,4338,#4338,F 16 Central Mall,TX,75501
Zales,San Antonio,4347,#4347,6301 Nw Loop 410,TX,78238
Zales,El Paso,4350,#4350,6101 Gateway West,TX,79925
Zales,Lafayette,4351,#4351,5725 Johnson St,LA,70503
Zales,Abilene,4353,#4353,4310 Buffalo Gap Road,TX,79606
Zales,Norman,4356,#4356,3343 A W Main St,OK,73072
Zales,Lawton,4363,#4363,3rd Street C Avenue,OK,73501
Zales,San Angelo,4364,#4364,4001 Southwest Blvd,TX,76904
Zales,Brownsville,4372,#4372,2370 North Expressway,TX,78526
Zales,Odessa,4392,#4392,4101 E 42nd St,TX,79762
Zales,Port Richey,4399,#4399,9409 Us Hwy 19 N,FL,34668
Zales,Waco,4401,#4401,6001 W Waco Drive,TX,76710
Zales,Joplin,4403,#4403,101 Rangeline Rd,MO,64801
Zales,Mcallen,4409,#4409,2200 S 10th Street,TX,78503
Zales,Midland,4415,#4415,4511 N Midkiff Rd,TX,79705
Zales,Ocala,4418,#4418,3100 College Road,FL,34474
Zales,Annapolis,4420,#4420,1280 Annapolis Mall,MD,21401
Zales,Victoria,4436,#4436,223 Victoria Mall,TX,77904
Zales,Oklahoma City,4438,#4438,2501 West Memorial,OK,73134
Zales,Baytown,4451,#4451,1466 San Jacinto Mall,TX,77521
Zales,Lavale,4453,#4453,Winchester Vocke Rd,MD,21502
Zales,Portland,4455,#4455,12000 Se 82nd Ave,OR,97266
Zales,Killeen,4457,#4457,2100 Sw South Young Dr,TX,76543
Zales,Virginia Beach,4458,#4458,701 Lynnhaven Pkwy,VA,23452
Zales,Nacogdoches,4460,#4460,1122 North University Dri,TX,75961
Zales,Plano,4465,#4465,811 N Central Expwy,TX,75075
Zales,Las Cruces,4466,#4466,700 S Telshor Blvd,NM,88011
Zales,Houston,4473,#4473,7925 Fm 1960 Rd W,TX,77070
Zales,Fort Myers,4476,#4476,4125 Cleveland Ave,FL,33901
Zales,Gallup,4479,#4479,1300 West I 40 Frontage R,NM,87301
Zales,College Station,4493,#4493,1500 Harvey Road,TX,77840
Zales,Tulsa,4495,#4495,7021 S Memorial Dr,OK,74133
Zales,Tucson,4497,#4497,4500 N Oracle Rd,AZ,85705
Zales,Port Arthur,4503,#4503,3100 Highway 365 Ste 142,TX,77642
Zales,Dover,4507,#4507,1365 North Dupont Hwy,DE,19901
Zales,Amarillo,4512,#4512,7701 West I 40,TX,79121
Zales,Melbourne,4516,#4516,1700 W New Haven Ave,FL,32904
Zales,Harlingen,4523,#4523,2000 S Expressway 83,TX,78552
Zales,Humble,4532,#4532,20131 Highway 59 N,TX,77338
Zales,Coral Springs,4535,#4535,9313 W Atlantic Blvd,FL,33071
Zales,Monroe,4542,#4542,4700 Mil Haven Rd,LA,71203
Zales,Clovis,4546,#4546,2809 N Prince Suite 155,NM,88101
Zales,Mary Esther,4551,#4551,300 Mary Esther Blvd,FL,32569
Zales,Bridgeport,4562,#4562,2399 Meadowbrook Mall,WV,26330
Zales,Kenner,4570,#4570,1401 W Esplanade Ave,LA,70065
Zales,Corpus Christi,4591,#4591,5488 S Padre Island Dr,TX,78411
Zales,Arlington,4596,#4596,3811 S Cooper St,TX,76015
Zales,Bossier City,4599,#4599,2950 E Texas St,LA,71111
Zales,Lakeland,4603,#4603,3800 U S Highway 98 N,FL,33809
Zales,Fort Smith,4610,#4610,5111 Rogers Avenue,AR,72903
Zales,Tyler,4613,#4613,4601 S Broadway St,TX,75703
Zales,El Paso,4616,#4616,750 Sunland Park Drive,TX,79912
Zales,Shawnee,4644,#4644,4901 N Kickapoo Ave,OK,74801
Zales,Mesa,4655,#4655,6555 E Southern Ave Ste,AZ,85206
Zales,Glendale,4666,#4666,7700 2031 W Arrowhead To,AZ,85308
Zales,Henderson,4669,#4669,1300 W Sunset Rd,NV,89014
Zales,Albuquerque,4673,#4673,10000 Coors Blvd Nw,NM,87114
Zales,The Woodlands,4674,#4674,1201 Lake Woodlands Drive,TX,77380
Zales,Fort Worth,4675,#4675,4800 S Hulen St,TX,76132
Zales,Vero Beach,4680,#4680,6200 20th Street,FL,32966
Zales,Sugar Land,4684,#4684,16535 Southwest Frwy St,TX,77479
Zales,Naples,4685,#4685,1948 9th Street N,FL,34102
Zales,Memphis,4686,#4686,2760 N Germantown Pkwy,TN,38133
Zales,Baton Rouge,4692,#4692,Blue Bonnet Hwy I 10,LA,70809
Zales,Ocoee,4694,#4694,9401 W Colonial Dr,FL,34761
Zales,Glen Burnie,4700,#4700,7900 Ritchey Hwy,MD,21061
Zales,Oklahoma City,4719,#4719,1901 Nw Expressway,OK,73118
Zales,Augusta,4721,#4721,3450 Wrightsboro Road,GA,30909
Zales,Hato Rey,4972,#4972,PLAZA LAS AMERICAS,PR,918
